id;impact;incertitude;redondant;justification
VE-01;4;1;;Contrainte de fond sur toute la politique budgétaire mais trajectoire vers 120 % quasi écrite sur 24 mois.
VE-02;4;2;;Pilote la dette et le signal à Bruxelles et aux marchés, avec une marge de variation limitée autour de 5-5,7 %.
VE-03;3;1;VE-01;Grandeur presque comptable (encours de dette fois taux apparent retardé), très prévisible à 24 mois.
VE-04;5;4;;Canal de transmission central du risque politique vers le budget et le crédit, niveau et dynamique réellement ouverts autour de la présidentielle.
VE-05;4;3;;Croissance proche de zéro dont le signe conditionne recettes, emploi et déficit, avec un aléa notable lié à l'énergie.
VE-06;3;2;;Remontée du chômage largement anticipée par tous les prévisionnistes, effet social réel mais graduel.
VE-07;3;3;;Inflation tirée par l'énergie, dépendante du choc Ormuz, pèse sur le revenu réel et les dépenses indexées.
VE-08;3;2;;Recul modéré du pouvoir d'achat déjà prévu, amorti par la désépargne.
VE-09;2;2;;Indicateur de sentiment qui suit les autres variables plus qu'il ne les pilote.
VE-10;2;2;;Hausse des défaillances installée, effet sectoriel sans capacité à infléchir seul la trajectoire.
VE-11;2;2;;Immobilier et BTP atones, effet sectoriel et lent.
VE-12;2;1;;Déficit des retraites faible et connu, pèse surtout comme objet de conflit déjà couvert ailleurs.
VE-13;2;2;;Niveau de prélèvements élevé et stable, effet d'acceptabilité diffus.
VE-14;2;2;;Soutien sectoriel de l'ordre de 0,2 pt de PIB, peu discriminant pour la trajectoire d'ensemble.
VE-15;4;1;;Défiance massive qui conditionne toute réforme mais tendance lourde quasi figée sur 24 mois.
VE-16;2;1;;Variable lente mesurée avec deux ans de retard, sans dynamique observable sur la période.
VE-17;2;3;;Effets sur l'emploi français surtout après 2028, ampleur à l'horizon encore marginale.
VE-18;3;2;;Abaisse le coût des ruptures et sert le vote RN, mais niveau stable d'une vague à l'autre.
VE-19;3;1;;Pessimisme quasi unanime et stable, carburant du vote protestataire sans incertitude réelle.
VE-20;3;4;;Intensité protestataire volatile et auto-excitante, imprévisible au mois près.
VE-21;3;3;;Montée attendue avant la présidentielle, un épisode grave peut reconfigurer la campagne.
VE-22;2;2;;Paramètre de seuil qui bouge peu, ne pèse que via l'emballement d'autres moteurs.
VE-23;2;2;;Abstention élevée attendue, effet sur la légitimité plus que sur l'issue.
VE-24;1;1;;Variable structurelle très lente, sans mesure ni effet discernable en 24 mois.
VE-25;2;1;;Ratio lent, proche de VE-08 dans ses effets, peu de mouvement sur la période.
VE-26;1;1;;Paramètre démographique quasi fixe qui ne fait que conditionner EV-11.
VE-27;2;3;;Mécanisme d'amorçage plausible mais mal mesuré, effet propre difficile à isoler de VE-20.
EV-01;3;3;;Une dégradation sur 24 mois est plausible vu la perspective négative de Moody's, effet surtout de signal sur les taux.
EV-02;3;4;;Une loi spéciale prolonge l'incertitude mais le précédent 2024-2025 montre un coût macro limité.
EV-03;2;2;VE-02;Simple seuil sur le déficit 2027, dépassement de 5,0 % assez probable, connu seulement en mars 2028.
EV-04;2;3;;Durcissement de la PDE plausible mais politiquement négocié, effet surtout de signal.
EV-05;5;5;;L'issue présidentielle fixe la politique budgétaire, européenne et sociale 2027-2028 et reste proche du pile ou face.
EV-06;3;4;VE-05;Seuil sur la croissance trimestrielle, issue ouverte avec un PIB proche de zéro.
EV-07;2;3;;Choc ponctuel aux effets économiques généralement transitoires.
EV-08;1;2;;Une attribution VIGINUM est très probable et n'a jamais renversé un scrutin à elle seule.
EV-09;2;2;;Épisode quasi certain avec El Niño, coût macro de l'ordre de 0,1 pt de PIB.
EV-10;2;4;;Mouvement lycéen d'issue incertaine mais à effet politique historiquement limité sauf jonction avec d'autres mobilisations.
EV-11;3;3;;Émeutes nationales à taux de base d'environ 10 % par an, choc sécuritaire et électoral fort si elles surviennent en campagne.
EV-12;4;4;VE-20;Un mouvement de type Gilets jaunes peut imposer des concessions budgétaires majeures, déclenchement imprévisible.
EV-13;3;4;;Grève massive possible mais seuil loin d'être atteint au 29 septembre, effet sur le budget 2027.
EV-14;2;2;;Mobilisation agricole quasi annuelle, poids sectoriel et symbolique limité.
EV-15;4;5;;Une censure ferait tomber un troisième gouvernement et dicte la séquence budgétaire, issue proche du pile ou face.
EV-16;4;3;;Dissolution post-présidentielle probable pour un nouveau président, qui conditionne la gouvernabilité 2027-2028.
EV-17;5;4;;L'absence de majorité du président élu prolongerait le blocage institutionnel et budgétaire jusqu'en 2028.
EX-01;3;4;;Transmission directe à l'inflation et au revenu réel, prix très volatil tant que la crise du Golfe dure.
EX-02;3;4;;Risque hivernal réel avec stocks bas et fin du GNL russe, mais amorti en France par le nucléaire.
EX-03;4;4;;Cause commune du choc énergétique et de l'inflation, issue diplomatique et militaire ouverte.
EX-04;4;4;;Une correction désordonnée frapperait croissance, taux et crédit à la fois, calendrier imprévisible.
EX-05;3;3;;Renchérit la dette française mais évolue lentement et pèse moins que la prime propre à la France.
EX-06;3;2;;Hausses modestes attendues, trajectoire assez lisible, rôle clé surtout via l'instrument anti-fragmentation.
EX-07;2;3;;Impact tarifaire sur les exportations françaises modéré, d'environ un point de taux effectif.
EX-08;2;3;EX-03;Transmission sectorielle du même choc du Golfe, peu d'autonomie propre.
EX-09;2;2;;El Niño fort quasi acquis, effets réels mais diffus sur prix alimentaires et été 2027.
EX-10;3;4;;Un cessez-le-feu changerait énergie, défense et climat européen, cotes proches de 50 % à mi-2027.
EX-11;3;3;;Amplificateur d'un choc financier plutôt que déclencheur autonome.
EX-12;3;2;;Demande extérieure faible et prévue, peu d'écart attendu autour de 1 %.
EX-13;5;2;;Choc maximal si conflit direct mais probabilité de l'ordre de 5 %.
EX-14;3;3;;Transmission par la demande et les marchés, probabilité incertaine au-delà de 2026.
EX-15;1;3;;Effet indirect et faible sur la France via la politique commerciale et l'Ukraine.
EX-16;5;2;;Rupture mondiale des chaînes de valeur si invasion, mais probabilité d'environ 12 %.
VE-C1;3;2;;Saillance de l'immigration durablement élevée qui sert le RN, niveau assez stable.
VE-C2;2;2;;Nourrit la demande d'ordre de façon diffuse, effet propre sur la trajectoire faible.
VE-C3;3;3;;Le nucléaire amortit le choc gazier mais le prix à terme 2027 pèse sur l'industrie et le TRVE.
VE-C4;3;2;;Hausse des crédits de défense actée qui impose une éviction budgétaire conflictuelle.
VE-C5;2;2;;Popularité très basse et durablement figée, effet surtout via EV-15 et EV-02.
VE-C6;4;3;EV-05;Série de suivi de l'issue présidentielle, l'ordre des 2e et 3e candidats reste ouvert.
VE-C7;3;2;;Désindustrialisation lente mais structurelle, nourrit le vote protestataire dans les bassins exposés.
VE-C8;2;2;;Baisse de l'investissement local prévisible, effet sectoriel sur le BTP et les services locaux.
VE-C9;2;2;;Tension hospitalière chronique, effet social réel mais peu discriminant pour la trajectoire.
EV-C1;3;3;;Un attentat meurtrier en campagne déplacerait l'agenda vers la sécurité, occurrence sur 24 mois incertaine.
EV-C2;2;3;;Crise ultramarine coûteuse et symbolique mais à effet limité sur la trajectoire métropolitaine.
EV-C3;2;3;;Le CFP pèse surtout après 2028, effet à l'horizon limité au signal agricole et européen.
EV-C4;2;4;;Avis CJUE au calendrier et au sens incertains, effet surtout symbolique et agricole.
EX-C1;2;3;;Variation du change modeste, effets compensés entre exportations et facture énergétique.
