periode,valeur
2010-01-04,-2.4
2010-01-05,-1.1
2010-01-06,-0.9
2010-01-07,-3.2
2010-01-08,-3.8
2010-01-11,-6.7
2010-01-12,-4.5
2010-01-13,-3.6
2010-01-14,-1.7
2010-01-15,-1.8
2010-01-18,-1.4
2010-01-19,-3.6
2010-01-20,-1.6
2010-01-21,0.4
2010-01-22,-0.1
2010-01-25,-0.4
2010-01-26,0.6
2010-01-27,-0.2
2010-01-28,2.5
2010-01-29,3.0
2010-02-01,2.9
2010-02-02,4.3
2010-02-03,3.5
2010-02-04,4.4
2010-02-05,7.8
2010-02-08,5.3
2010-02-09,5.1
2010-02-10,0.1
2010-02-11,-0.6
2010-02-12,2.0
2010-02-15,-0.4
2010-02-16,1.2
2010-02-17,0.3
2010-02-18,-1.3
2010-02-19,-1.8
2010-02-22,-3.3
2010-02-23,-2.6
2010-02-24,-2.9
2010-02-25,-1.3
2010-02-26,-1.4
2010-03-01,-0.9
2010-03-02,-0.7
2010-03-03,-0.8
2010-03-04,0.5
2010-03-05,1.6
2010-03-08,0.7
2010-03-09,1.1
2010-03-10,2.3
2010-03-11,2.6
2010-03-12,1.7
2010-03-15,1.6
2010-03-16,-0.1
2010-03-17,2.4
2010-03-18,3.4
2010-03-19,3.8
2010-03-22,4.7
2010-03-23,2.6
2010-03-24,5.5
2010-03-25,4.8
2010-03-26,3.8
2010-03-29,5.0
2010-03-30,4.6
2010-03-31,4.8
2010-04-01,2.4
2010-04-06,2.4
2010-04-07,5.8
2010-04-08,4.9
2010-04-09,1.9
2010-04-12,0.6
2010-04-13,1.5
2010-04-14,0.5
2010-04-15,2.8
2010-04-16,2.1
2010-04-19,2.1
2010-04-20,2.2
2010-04-21,2.3
2010-04-22,4.6
2010-04-23,4.5
2010-04-26,5.0
2010-04-27,6.0
2010-04-28,8.6
2010-04-29,6.2
2010-04-30,5.9
2010-05-03,4.6
2010-05-04,6.9
2010-05-05,6.5
2010-05-06,7.7
2010-05-07,17.6
2010-05-10,5.4
2010-05-11,6.3
2010-05-12,1.5
2010-05-13,1.1
2010-05-14,1.3
2010-05-17,2.0
2010-05-18,1.9
2010-05-19,-1.6
2010-05-20,-0.1
2010-05-21,0.8
2010-05-24,2.8
2010-05-25,4.6
2010-05-26,3.6
2010-05-27,4.4
2010-05-28,4.2
2010-05-31,5.1
2010-06-01,7.9
2010-06-02,8.0
2010-06-03,11.9
2010-06-04,14.9
2010-06-07,23.0
2010-06-08,31.3
2010-06-09,30.5
2010-06-10,25.1
2010-06-11,21.3
2010-06-14,21.6
2010-06-15,18.8
2010-06-16,21.8
2010-06-17,20.0
2010-06-18,17.9
2010-06-21,10.9
2010-06-22,16.3
2010-06-23,16.2
2010-06-24,20.1
2010-06-25,24.3
2010-06-28,28.1
2010-06-29,32.2
2010-06-30,26.5
2010-07-01,26.0
2010-07-02,23.5
2010-07-05,18.6
2010-07-06,17.4
2010-07-07,19.1
2010-07-08,16.0
2010-07-09,13.6
2010-07-12,14.3
2010-07-13,11.9
2010-07-14,14.7
2010-07-15,15.2
2010-07-16,16.0
2010-07-19,17.3
2010-07-20,18.7
2010-07-21,19.5
2010-07-22,19.8
2010-07-23,17.1
2010-07-26,15.1
2010-07-27,6.4
2010-07-28,7.2
2010-07-29,5.8
2010-07-30,7.1
2010-08-02,6.8
2010-08-03,6.3
2010-08-04,8.8
2010-08-05,6.2
2010-08-06,6.7
2010-08-09,6.8
2010-08-10,7.0
2010-08-11,8.8
2010-08-12,9.8
2010-08-13,10.1
2010-08-16,13.0
2010-08-17,13.4
2010-08-18,15.2
2010-08-19,14.1
2010-08-20,14.8
2010-08-23,16.5
2010-08-24,18.1
2010-08-25,19.1
2010-08-26,19.8
2010-08-27,22.4
2010-08-30,20.2
2010-08-31,23.1
2010-09-01,20.2
2010-09-02,18.7
2010-09-03,12.7
2010-09-06,13.7
2010-09-07,18.8
2010-09-08,18.9
2010-09-09,15.5
2010-09-10,15.3
2010-09-13,14.8
2010-09-14,18.5
2010-09-15,20.2
2010-09-16,21.0
2010-09-17,19.1
2010-09-20,20.7
2010-09-21,19.6
2010-09-22,23.4
2010-09-23,21.7
2010-09-24,22.9
2010-09-27,22.0
2010-09-28,21.5
2010-09-29,21.9
2010-09-30,24.3
2010-10-01,23.2
2010-10-04,23.4
2010-10-05,23.8
2010-10-06,22.6
2010-10-07,21.6
2010-10-08,22.1
2010-10-11,20.6
2010-10-12,20.7
2010-10-13,20.2
2010-10-14,18.7
2010-10-15,18.2
2010-10-18,17.7
2010-10-19,15.4
2010-10-20,17.9
2010-10-21,19.9
2010-10-22,20.2
2010-10-25,18.3
2010-10-26,16.0
2010-10-27,15.2
2010-10-28,16.2
2010-10-29,17.5
2010-11-01,20.3
2010-11-02,22.1
2010-11-03,20.8
2010-11-04,19.5
2010-11-05,23.8
2010-11-08,22.7
2010-11-09,25.3
2010-11-10,23.9
2010-11-11,26.5
2010-11-12,25.8
2010-11-15,21.8
2010-11-16,20.6
2010-11-17,18.4
2010-11-18,19.0
2010-11-19,17.7
2010-11-22,15.6
2010-11-23,17.6
2010-11-24,21.7
2010-11-25,19.4
2010-11-26,19.7
2010-11-29,20.9
2010-11-30,27.3
2010-12-01,23.9
2010-12-02,22.4
2010-12-03,17.0
2010-12-06,19.2
2010-12-07,15.5
2010-12-08,11.4
2010-12-09,11.6
2010-12-10,15.5
2010-12-13,12.0
2010-12-14,12.5
2010-12-15,12.4
2010-12-16,13.2
2010-12-17,12.8
2010-12-20,14.4
2010-12-21,15.4
2010-12-22,15.2
2010-12-23,15.7
2010-12-27,14.5
2010-12-28,15.0
2010-12-29,14.4
2010-12-30,20.6
2011-01-03,17.9
2011-01-04,19.6
2011-01-05,19.3
2011-01-06,17.0
2011-01-07,21.6
2011-01-10,24.1
2011-01-11,24.7
2011-01-12,18.4
2011-01-13,16.0
2011-01-14,15.1
2011-01-17,17.5
2011-01-18,17.9
2011-01-19,16.9
2011-01-20,16.4
2011-01-21,14.5
2011-01-24,13.1
2011-01-25,14.8
2011-01-26,13.2
2011-01-27,15.0
2011-01-28,15.3
2011-01-31,16.9
2011-02-01,14.4
2011-02-02,13.1
2011-02-03,16.3
2011-02-04,13.8
2011-02-07,14.2
2011-02-08,15.1
2011-02-09,15.4
2011-02-10,14.8
2011-02-11,15.8
2011-02-14,15.6
2011-02-15,16.3
2011-02-16,19.4
2011-02-17,17.8
2011-02-18,17.8
2011-02-21,16.7
2011-02-22,16.1
2011-02-23,18.2
2011-02-24,18.5
2011-02-25,18.4
2011-02-28,18.3
2011-03-01,17.8
2011-03-02,19.7
2011-03-03,18.9
2011-03-04,16.2
2011-03-07,18.0
2011-03-08,18.7
2011-03-09,19.7
2011-03-10,19.1
2011-03-11,19.9
2011-03-14,14.5
2011-03-15,18.3
2011-03-16,17.0
2011-03-17,17.4
2011-03-18,16.0
2011-03-21,14.7
2011-03-22,14.4
2011-03-23,17.1
2011-03-24,18.8
2011-03-25,19.9
2011-03-28,16.8
2011-03-29,16.9
2011-03-30,16.3
2011-03-31,15.4
2011-04-01,18.8
2011-04-04,16.2
2011-04-05,16.8
2011-04-06,15.7
2011-04-07,11.4
2011-04-08,10.4
2011-04-11,9.9
2011-04-12,9.2
2011-04-13,10.2
2011-04-14,13.4
2011-04-15,13.9
2011-04-18,15.1
2011-04-19,14.9
2011-04-20,12.8
2011-04-21,10.9
2011-04-26,13.5
2011-04-27,14.6
2011-04-28,17.2
2011-04-29,16.3
2011-05-02,16.6
2011-05-03,15.9
2011-05-04,16.3
2011-05-05,20.4
2011-05-06,19.8
2011-05-09,19.3
2011-05-10,20.3
2011-05-11,19.3
2011-05-12,20.8
2011-05-13,20.3
2011-05-16,21.9
2011-05-17,17.9
2011-05-18,21.4
2011-05-19,22.3
2011-05-20,21.6
2011-05-23,24.5
2011-05-24,24.2
2011-05-25,24.4
2011-05-26,20.7
2011-05-27,21.8
2011-05-30,21.6
2011-05-31,20.6
2011-06-01,22.8
2011-06-02,21.5
2011-06-03,18.2
2011-06-06,16.4
2011-06-07,21.1
2011-06-08,20.8
2011-06-09,23.2
2011-06-10,22.3
2011-06-13,22.7
2011-06-14,23.2
2011-06-15,23.7
2011-06-16,28.7
2011-06-17,27.2
2011-06-20,27.7
2011-06-21,27.0
2011-06-22,27.2
2011-06-23,27.5
2011-06-24,30.5
2011-06-27,30.6
2011-06-28,31.6
2011-06-29,25.1
2011-06-30,25.8
2011-07-01,24.6
2011-07-04,25.3
2011-07-05,27.8
2011-07-06,32.8
2011-07-07,34.1
2011-07-08,35.7
2011-07-11,43.1
2011-07-12,52.2
2011-07-13,45.9
2011-07-14,46.2
2011-07-15,42.1
2011-07-18,45.6
2011-07-19,45.7
2011-07-20,40.4
2011-07-21,40.2
2011-07-22,29.0
2011-07-25,34.7
2011-07-26,39.5
2011-07-27,37.3
2011-07-28,37.9
2011-07-29,41.7
2011-08-01,39.7
2011-08-02,50.6
2011-08-03,51.2
2011-08-04,53.0
2011-08-05,61.6
2011-08-08,50.2
2011-08-09,62.3
2011-08-10,58.2
2011-08-11,55.2
2011-08-12,38.5
2011-08-15,35.1
2011-08-16,38.8
2011-08-17,38.9
2011-08-18,39.2
2011-08-19,40.1
2011-08-22,43.6
2011-08-23,41.9
2011-08-24,42.8
2011-08-25,44.6
2011-08-26,45.5
2011-08-29,45.9
2011-08-30,46.7
2011-08-31,48.5
2011-09-01,50.9
2011-09-02,53.7
2011-09-05,58.7
2011-09-06,59.9
2011-09-07,58.8
2011-09-08,50.0
2011-09-09,54.3
2011-09-12,58.1
2011-09-13,65.6
2011-09-14,66.3
2011-09-15,61.8
2011-09-16,56.3
2011-09-19,62.7
2011-09-20,64.4
2011-09-21,64.7
2011-09-22,70.1
2011-09-23,66.1
2011-09-26,63.5
2011-09-27,57.6
2011-09-28,55.0
2011-09-29,55.8
2011-09-30,53.6
2011-10-03,58.7
2011-10-04,64.0
2011-10-05,66.6
2011-10-06,64.0
2011-10-07,59.5
2011-10-10,57.3
2011-10-11,60.9
2011-10-12,58.5
2011-10-13,61.1
2011-10-14,70.6
2011-10-17,72.4
2011-10-18,87.6
2011-10-19,95.5
2011-10-20,97.9
2011-10-21,100.6
2011-10-24,101.5
2011-10-25,98.0
2011-10-26,87.4
2011-10-27,71.9
2011-10-28,72.4
2011-10-31,81.5
2011-11-01,99.3
2011-11-02,97.1
2011-11-03,113.6
2011-11-04,97.2
2011-11-07,113.5
2011-11-08,114.8
2011-11-09,123.4
2011-11-10,134.5
2011-11-11,143.8
2011-11-14,131.8
2011-11-15,167.1
2011-11-16,162.0
2011-11-17,208.1
2011-11-18,144.4
2011-11-21,147.9
2011-11-22,136.3
2011-11-23,145.6
2011-11-24,128.8
2011-11-25,134.1
2011-11-28,115.6
2011-11-29,111.6
2011-11-30,98.1
2011-12-01,73.6
2011-12-02,81.3
2011-12-05,85.3
2011-12-06,83.3
2011-12-07,89.8
2011-12-08,95.9
2011-12-09,104.9
2011-12-12,104.0
2011-12-13,108.0
2011-12-14,103.7
2011-12-15,115.6
2011-12-16,97.8
2011-12-19,114.6
2011-12-20,102.9
2011-12-21,89.2
2011-12-22,102.2
2011-12-23,98.8
2011-12-27,91.2
2011-12-28,87.4
2011-12-29,104.7
2011-12-30,117.2
2012-01-02,118.9
2012-01-03,122.3
2012-01-04,126.1
2012-01-05,128.9
2012-01-06,137.9
2012-01-09,133.3
2012-01-10,127.7
2012-01-11,122.2
2012-01-12,110.3
2012-01-13,109.0
2012-01-16,120.2
2012-01-17,106.5
2012-01-18,120.3
2012-01-19,121.1
2012-01-20,114.6
2012-01-23,102.6
2012-01-24,103.6
2012-01-25,108.5
2012-01-26,104.6
2012-01-27,107.2
2012-01-30,108.7
2012-01-31,109.7
2012-02-01,109.6
2012-02-02,110.1
2012-02-03,90.6
2012-02-06,88.0
2012-02-07,88.2
2012-02-08,78.4
2012-02-09,80.9
2012-02-10,78.5
2012-02-13,83.0
2012-02-14,87.3
2012-02-15,90.8
2012-02-16,105.3
2012-02-17,93.6
2012-02-20,94.2
2012-02-21,87.3
2012-02-22,92.9
2012-02-23,96.4
2012-02-24,95.9
2012-02-27,97.6
2012-02-28,100.5
2012-02-29,97.2
2012-03-01,80.9
2012-03-02,69.5
2012-03-05,81.9
2012-03-06,89.6
2012-03-07,90.7
2012-03-08,78.9
2012-03-09,77.2
2012-03-12,79.1
2012-03-13,77.1
2012-03-14,69.0
2012-03-15,66.1
2012-03-16,65.3
2012-03-19,66.6
2012-03-20,64.9
2012-03-21,60.5
2012-03-22,70.8
2012-03-23,91.4
2012-03-26,84.4
2012-03-27,78.9
2012-03-28,86.0
2012-03-29,90.3
2012-03-30,91.9
2012-04-02,86.1
2012-04-03,89.7
2012-04-04,91.8
2012-04-05,109.3
2012-04-10,109.9
2012-04-11,111.7
2012-04-12,107.2
2012-04-13,103.1
2012-04-16,118.1
2012-04-17,115.2
2012-04-18,111.1
2012-04-19,117.2
2012-04-20,129.7
2012-04-23,131.4
2012-04-24,127.2
2012-04-25,115.7
2012-04-26,117.1
2012-04-27,119.7
2012-04-30,119.4
2012-05-02,122.1
2012-05-03,120.5
2012-05-04,113.5
2012-05-07,112.8
2012-05-09,122.2
2012-05-10,124.4
2012-05-11,116.9
2012-05-14,131.1
2012-05-15,125.5
2012-05-16,133.0
2012-05-17,129.3
2012-05-18,128.7
2012-05-21,129.9
2012-05-22,122.1
2012-05-23,122.7
2012-05-24,118.4
2012-05-25,98.0
2012-05-28,105.5
2012-05-29,103.6
2012-05-30,115.6
2012-05-31,101.0
2012-06-01,107.6
2012-06-04,99.0
2012-06-05,103.9
2012-06-06,101.6
2012-06-07,101.7
2012-06-08,111.0
2012-06-11,107.6
2012-06-12,115.1
2012-06-13,109.4
2012-06-14,110.8
2012-06-15,105.2
2012-06-18,106.4
2012-06-19,104.7
2012-06-20,96.6
2012-06-21,96.3
2012-06-22,100.4
2012-06-25,98.6
2012-06-26,101.5
2012-06-27,99.6
2012-06-28,101.4
2012-06-29,96.6
2012-07-02,95.4
2012-07-03,91.9
2012-07-04,92.4
2012-07-05,91.2
2012-07-06,93.9
2012-07-09,100.9
2012-07-10,96.9
2012-07-11,92.4
2012-07-12,91.3
2012-07-13,92.1
2012-07-16,89.8
2012-07-17,76.5
2012-07-18,81.2
2012-07-19,76.4
2012-07-20,76.7
2012-07-23,90.0
2012-07-24,89.5
2012-07-25,91.7
2012-07-26,91.5
2012-07-27,78.9
2012-07-30,72.4
2012-07-31,72.5
2012-08-01,65.8
2012-08-02,61.3
2012-08-03,67.4
2012-08-06,63.3
2012-08-07,61.2
2012-08-08,62.2
2012-08-09,57.5
2012-08-10,60.5
2012-08-13,59.0
2012-08-14,59.4
2012-08-15,52.1
2012-08-16,51.9
2012-08-17,52.6
2012-08-20,50.2
2012-08-21,53.4
2012-08-22,55.5
2012-08-23,63.7
2012-08-24,64.1
2012-08-27,63.2
2012-08-28,63.2
2012-08-29,69.4
2012-08-30,69.9
2012-08-31,69.9
2012-09-03,77.1
2012-09-04,73.5
2012-09-05,75.9
2012-09-06,67.7
2012-09-07,56.0
2012-09-10,63.7
2012-09-11,64.0
2012-09-12,52.1
2012-09-13,54.5
2012-09-14,49.3
2012-09-17,54.9
2012-09-18,64.6
2012-09-19,57.9
2012-09-20,62.8
2012-09-21,60.9
2012-09-24,66.0
2012-09-25,67.9
2012-09-26,67.0
2012-09-27,69.0
2012-09-28,69.4
2012-10-01,66.6
2012-10-02,67.1
2012-10-03,67.1
2012-10-04,69.3
2012-10-05,64.5
2012-10-08,63.3
2012-10-09,61.0
2012-10-10,56.6
2012-10-11,55.3
2012-10-12,54.6
2012-10-15,51.9
2012-10-16,51.7
2012-10-17,47.8
2012-10-18,45.2
2012-10-19,44.8
2012-10-22,43.3
2012-10-23,45.5
2012-10-24,50.2
2012-10-25,48.7
2012-10-26,55.9
2012-10-29,58.6
2012-10-30,59.3
2012-10-31,57.8
2012-11-01,65.5
2012-11-02,66.6
2012-11-05,70.2
2012-11-06,69.2
2012-11-07,67.2
2012-11-08,69.1
2012-11-09,70.8
2012-11-12,66.2
2012-11-13,63.6
2012-11-14,62.2
2012-11-15,64.2
2012-11-16,62.7
2012-11-19,60.8
2012-11-20,62.8
2012-11-21,64.0
2012-11-22,61.9
2012-11-23,62.3
2012-11-26,61.2
2012-11-27,59.5
2012-11-28,58.2
2012-11-29,53.2
2012-11-30,56.0
2012-12-03,55.3
2012-12-04,52.6
2012-12-05,55.9
2012-12-06,56.2
2012-12-07,57.4
2012-12-10,56.1
2012-12-11,53.3
2012-12-12,51.5
2012-12-13,51.8
2012-12-14,51.2
2012-12-17,51.6
2012-12-18,53.3
2012-12-19,50.1
2012-12-20,48.3
2012-12-21,48.9
2012-12-27,51.2
2012-12-28,59.9
2013-01-02,54.4
2013-01-03,53.8
2013-01-04,48.5
2013-01-07,48.7
2013-01-08,47.9
2013-01-09,51.3
2013-01-10,50.0
2013-01-11,46.3
2013-01-14,47.2
2013-01-15,47.9
2013-01-16,55.9
2013-01-17,56.7
2013-01-18,58.4
2013-01-21,57.9
2013-01-22,56.5
2013-01-23,56.8
2013-01-24,58.5
2013-01-25,57.0
2013-01-28,56.8
2013-01-29,59.5
2013-01-30,57.4
2013-01-31,60.4
2013-02-01,58.5
2013-02-04,58.3
2013-02-05,65.9
2013-02-06,63.6
2013-02-07,63.2
2013-02-08,60.5
2013-02-11,62.6
2013-02-12,64.2
2013-02-13,54.9
2013-02-14,55.9
2013-02-15,56.8
2013-02-18,57.4
2013-02-19,56.7
2013-02-20,56.9
2013-02-21,60.1
2013-02-22,59.2
2013-02-25,60.1
2013-02-26,65.6
2013-02-27,64.5
2013-02-28,65.4
2013-03-01,64.5
2013-03-04,63.3
2013-03-05,61.7
2013-03-06,60.3
2013-03-07,56.0
2013-03-08,54.5
2013-03-11,54.6
2013-03-12,56.6
2013-03-13,57.2
2013-03-14,55.8
2013-03-15,55.3
2013-03-18,58.7
2013-03-19,59.3
2013-03-20,59.7
2013-03-21,57.4
2013-03-22,58.2
2013-03-25,56.7
2013-03-26,62.2
2013-03-27,66.7
2013-03-28,71.0
2013-04-02,68.1
2013-04-03,62.4
2013-04-04,61.7
2013-04-05,52.5
2013-04-08,45.6
2013-04-09,47.0
2013-04-10,49.2
2013-04-11,49.1
2013-04-12,50.7
2013-04-15,49.1
2013-04-16,48.5
2013-04-17,48.1
2013-04-18,49.9
2013-04-19,49.1
2013-04-22,47.1
2013-04-23,45.5
2013-04-24,42.1
2013-04-25,45.6
2013-04-26,45.7
2013-04-29,49.0
2013-04-30,46.6
2013-05-02,44.1
2013-05-03,41.6
2013-05-06,39.7
2013-05-07,35.8
2013-05-08,39.2
2013-05-09,39.2
2013-05-10,38.9
2013-05-13,38.0
2013-05-14,40.1
2013-05-15,38.9
2013-05-16,36.9
2013-05-17,37.6
2013-05-20,32.0
2013-05-21,33.5
2013-05-22,32.7
2013-05-23,36.2
2013-05-24,34.7
2013-05-27,37.9
2013-05-28,39.3
2013-05-29,37.2
2013-05-30,42.0
2013-05-31,47.3
2013-06-03,52.1
2013-06-04,49.5
2013-06-05,49.2
2013-06-06,51.9
2013-06-07,56.6
2013-06-10,54.5
2013-06-11,55.6
2013-06-12,56.4
2013-06-13,58.5
2013-06-14,54.3
2013-06-17,53.6
2013-06-18,52.3
2013-06-19,54.3
2013-06-20,55.5
2013-06-21,56.3
2013-06-24,59.8
2013-06-25,55.4
2013-06-26,58.0
2013-06-27,55.7
2013-06-28,55.9
2013-07-01,57.8
2013-07-02,56.6
2013-07-03,59.4
2013-07-04,63.1
2013-07-05,55.5
2013-07-08,51.4
2013-07-09,50.8
2013-07-10,54.7
2013-07-11,55.3
2013-07-12,56.9
2013-07-15,60.0
2013-07-16,60.9
2013-07-17,60.2
2013-07-18,61.8
2013-07-19,60.6
2013-07-22,63.3
2013-07-23,60.8
2013-07-24,59.0
2013-07-25,57.3
2013-07-26,55.3
2013-07-29,55.2
2013-07-30,54.1
2013-07-31,54.5
2013-08-01,51.8
2013-08-02,49.9
2013-08-05,50.4
2013-08-06,52.2
2013-08-07,53.4
2013-08-08,49.6
2013-08-09,52.9
2013-08-12,49.7
2013-08-13,47.2
2013-08-14,50.7
2013-08-15,47.7
2013-08-16,45.7
2013-08-19,49.0
2013-08-20,50.6
2013-08-21,50.3
2013-08-22,49.3
2013-08-23,48.6
2013-08-26,50.4
2013-08-27,52.4
2013-08-28,55.0
2013-08-29,53.1
2013-08-30,55.9
2013-09-02,53.1
2013-09-03,53.4
2013-09-04,54.1
2013-09-05,56.0
2013-09-06,53.1
2013-09-09,57.1
2013-09-10,55.8
2013-09-11,56.0
2013-09-12,54.3
2013-09-13,55.1
2013-09-16,57.6
2013-09-17,54.5
2013-09-18,52.6
2013-09-19,50.7
2013-09-20,52.0
2013-09-23,51.8
2013-09-24,53.8
2013-09-25,54.3
2013-09-26,55.4
2013-09-27,57.1
2013-09-30,57.7
2013-10-01,53.4
2013-10-02,52.6
2013-10-03,52.7
2013-10-04,52.0
2013-10-07,51.5
2013-10-08,51.5
2013-10-09,52.4
2013-10-10,50.7
2013-10-11,50.5
2013-10-14,49.1
2013-10-15,49.0
2013-10-16,49.8
2013-10-17,48.6
2013-10-18,50.7
2013-10-21,49.3
2013-10-22,49.1
2013-10-23,46.9
2013-10-24,48.3
2013-10-25,48.3
2013-10-28,47.9
2013-10-29,46.8
2013-10-30,47.2
2013-10-31,51.0
2013-11-01,44.7
2013-11-04,44.7
2013-11-05,45.7
2013-11-06,44.5
2013-11-07,46.8
2013-11-08,46.7
2013-11-11,43.3
2013-11-12,43.4
2013-11-13,43.6
2013-11-14,44.2
2013-11-15,44.1
2013-11-18,44.9
2013-11-19,44.3
2013-11-20,44.2
2013-11-21,43.6
2013-11-22,40.8
2013-11-25,43.0
2013-11-26,42.1
2013-11-27,43.2
2013-11-28,42.4
2013-11-29,43.3
2013-12-02,40.5
2013-12-03,38.6
2013-12-04,37.2
2013-12-05,36.2
2013-12-06,37.1
2013-12-09,36.6
2013-12-10,38.0
2013-12-11,36.6
2013-12-12,36.6
2013-12-13,37.6
2013-12-16,36.2
2013-12-17,36.8
2013-12-18,38.1
2013-12-19,37.5
2013-12-20,36.4
2013-12-23,36.5
2013-12-27,37.1
2013-12-30,38.6
2014-01-02,38.1
2014-01-03,36.4
2014-01-06,36.9
2014-01-07,36.7
2014-01-08,37.1
2014-01-09,37.0
2014-01-10,39.2
2014-01-13,41.6
2014-01-14,41.3
2014-01-15,40.2
2014-01-16,40.3
2014-01-17,41.0
2014-01-20,40.2
2014-01-21,41.3
2014-01-22,42.7
2014-01-23,44.9
2014-01-24,48.8
2014-01-27,50.4
2014-01-28,43.5
2014-01-29,45.5
2014-01-30,45.1
2014-01-31,45.7
2014-02-03,41.8
2014-02-04,42.8
2014-02-05,44.0
2014-02-06,46.8
2014-02-07,44.9
2014-02-10,44.2
2014-02-11,46.4
2014-02-12,45.9
2014-02-13,46.2
2014-02-14,45.5
2014-02-17,45.6
2014-02-18,44.8
2014-02-19,44.9
2014-02-20,46.5
2014-02-21,45.9
2014-02-24,45.9
2014-02-25,42.8
2014-02-26,43.5
2014-02-27,43.4
2014-02-28,39.2
2014-03-03,44.7
2014-03-04,44.0
2014-03-05,43.8
2014-03-06,45.1
2014-03-07,43.7
2014-03-10,43.8
2014-03-11,44.6
2014-03-12,45.8
2014-03-13,45.6
2014-03-14,46.8
2014-03-17,45.0
2014-03-18,44.5
2014-03-19,42.3
2014-03-20,42.6
2014-03-21,41.1
2014-03-24,40.0
2014-03-25,41.6
2014-03-26,41.3
2014-03-27,40.7
2014-03-28,39.5
2014-03-31,36.9
2014-04-01,39.9
2014-04-02,40.5
2014-04-03,40.7
2014-04-04,36.9
2014-04-07,35.1
2014-04-08,38.4
2014-04-09,37.4
2014-04-10,38.4
2014-04-11,39.4
2014-04-14,38.0
2014-04-15,37.1
2014-04-16,36.1
2014-04-17,35.8
2014-04-22,36.4
2014-04-23,37.8
2014-04-24,36.9
2014-04-25,37.8
2014-04-28,39.1
2014-04-29,38.8
2014-04-30,38.0
2014-05-02,37.5
2014-05-05,36.7
2014-05-06,37.1
2014-05-07,35.8
2014-05-08,36.0
2014-05-09,33.6
2014-05-12,34.2
2014-05-13,35.9
2014-05-14,35.2
2014-05-15,32.4
2014-05-16,36.3
2014-05-19,36.9
2014-05-20,37.8
2014-05-21,38.6
2014-05-22,37.8
2014-05-23,35.0
2014-05-26,34.0
2014-05-27,35.3
2014-05-28,35.3
2014-05-29,34.1
2014-05-30,36.1
2014-06-02,35.4
2014-06-03,34.1
2014-06-04,36.4
2014-06-05,35.0
2014-06-06,29.0
2014-06-09,27.1
2014-06-10,29.7
2014-06-11,30.1
2014-06-12,30.1
2014-06-13,30.5
2014-06-16,30.2
2014-06-17,33.2
2014-06-18,29.6
2014-06-19,27.9
2014-06-20,29.4
2014-06-23,28.5
2014-06-24,29.6
2014-06-25,28.4
2014-06-26,28.6
2014-06-27,29.7
2014-06-30,30.1
2014-07-01,31.1
2014-07-02,31.1
2014-07-03,29.0
2014-07-04,28.0
2014-07-07,27.9
2014-07-08,29.2
2014-07-09,29.0
2014-07-10,29.4
2014-07-11,29.8
2014-07-14,30.1
2014-07-15,30.0
2014-07-16,29.3
2014-07-17,27.2
2014-07-18,29.4
2014-07-21,28.5
2014-07-22,27.3
2014-07-23,27.6
2014-07-24,25.3
2014-07-25,26.4
2014-07-28,27.2
2014-07-29,27.3
2014-07-30,25.6
2014-07-31,25.5
2014-08-01,26.4
2014-08-04,26.0
2014-08-05,26.1
2014-08-06,32.1
2014-08-07,29.6
2014-08-08,30.0
2014-08-11,30.0
2014-08-12,28.8
2014-08-13,29.1
2014-08-14,27.3
2014-08-15,26.3
2014-08-18,28.5
2014-08-19,28.3
2014-08-20,27.8
2014-08-21,29.0
2014-08-22,28.9
2014-08-25,26.5
2014-08-26,24.9
2014-08-27,22.7
2014-08-28,25.6
2014-08-29,25.3
2014-09-01,25.7
2014-09-02,26.0
2014-09-03,28.4
2014-09-04,25.3
2014-09-05,22.6
2014-09-08,24.0
2014-09-09,23.2
2014-09-10,26.7
2014-09-11,25.8
2014-09-12,29.7
2014-09-15,30.2
2014-09-16,31.4
2014-09-17,31.1
2014-09-18,29.2
2014-09-19,27.6
2014-09-22,26.7
2014-09-23,28.0
2014-09-24,28.1
2014-09-25,28.0
2014-09-26,27.6
2014-09-29,29.6
2014-09-30,28.8
2014-10-01,29.4
2014-10-02,27.6
2014-10-06,28.2
2014-10-07,29.4
2014-10-08,30.7
2014-10-09,29.6
2014-10-10,30.3
2014-10-13,33.3
2014-10-14,33.1
2014-10-15,29.0
2014-10-16,39.1
2014-10-17,37.8
2014-10-20,36.8
2014-10-21,38.0
2014-10-22,35.8
2014-10-23,34.0
2014-10-24,32.7
2014-10-27,35.9
2014-10-28,34.0
2014-10-29,32.8
2014-10-30,32.4
2014-10-31,28.0
2014-11-03,26.4
2014-11-04,29.0
2014-11-05,29.7
2014-11-06,29.9
2014-11-07,28.9
2014-11-10,30.4
2014-11-11,30.1
2014-11-12,28.7
2014-11-13,30.4
2014-11-14,31.2
2014-11-17,30.3
2014-11-18,28.2
2014-11-19,28.3
2014-11-20,28.6
2014-11-21,29.2
2014-11-24,27.4
2014-11-25,27.3
2014-11-26,26.9
2014-11-27,24.8
2014-11-28,23.5
2014-12-01,22.1
2014-12-02,21.5
2014-12-03,22.2
2014-12-04,21.2
2014-12-05,21.2
2014-12-08,23.4
2014-12-09,21.3
2014-12-10,23.9
2014-12-11,22.5
2014-12-12,22.6
2014-12-15,23.4
2014-12-16,24.1
2014-12-17,25.8
2014-12-18,23.3
2014-12-19,25.1
2014-12-22,24.2
2014-12-23,24.1
2014-12-29,26.0
2014-12-30,25.8
2015-01-02,25.4
2015-01-05,26.1
2015-01-06,27.6
2015-01-07,29.1
2015-01-08,28.8
2015-01-09,26.5
2015-01-12,27.6
2015-01-13,24.2
2015-01-14,23.2
2015-01-15,22.4
2015-01-16,20.9
2015-01-19,22.1
2015-01-20,21.8
2015-01-21,21.2
2015-01-22,19.3
2015-01-23,16.0
2015-01-26,19.9
2015-01-27,20.4
2015-01-28,22.1
2015-01-29,26.2
2015-01-30,23.4
2015-02-02,25.1
2015-02-03,24.4
2015-02-04,25.0
2015-02-05,24.1
2015-02-06,23.5
2015-02-09,27.6
2015-02-10,26.0
2015-02-11,27.9
2015-02-12,27.5
2015-02-13,28.0
2015-02-16,25.7
2015-02-17,27.4
2015-02-18,26.0
2015-02-19,26.7
2015-02-20,28.0
2015-02-23,24.0
2015-02-24,22.8
2015-02-25,24.6
2015-02-26,25.5
2015-02-27,23.1
2015-03-02,24.5
2015-03-03,26.1
2015-03-04,27.5
2015-03-05,26.2
2015-03-06,27.9
2015-03-09,28.0
2015-03-10,27.7
2015-03-11,28.8
2015-03-12,24.7
2015-03-13,21.9
2015-03-16,20.7
2015-03-17,22.6
2015-03-18,23.2
2015-03-19,24.2
2015-03-20,22.3
2015-03-23,24.0
2015-03-24,23.8
2015-03-25,26.4
2015-03-26,25.9
2015-03-27,23.6
2015-03-30,27.2
2015-03-31,27.3
2015-04-01,27.4
2015-04-02,26.4
2015-04-07,24.4
2015-04-08,24.9
2015-04-09,25.0
2015-04-10,25.1
2015-04-13,25.2
2015-04-14,25.0
2015-04-15,24.4
2015-04-16,24.1
2015-04-17,26.9
2015-04-20,27.3
2015-04-21,27.3
2015-04-22,24.5
2015-04-23,23.4
2015-04-24,24.3
2015-04-27,25.0
2015-04-28,23.9
2015-04-29,25.0
2015-04-30,25.2
2015-05-04,24.7
2015-05-05,24.1
2015-05-06,27.0
2015-05-07,22.7
2015-05-08,28.0
2015-05-11,28.1
2015-05-12,23.0
2015-05-13,24.4
2015-05-14,21.7
2015-05-15,24.8
2015-05-18,26.3
2015-05-19,21.9
2015-05-20,22.8
2015-05-21,22.3
2015-05-22,22.7
2015-05-26,26.9
2015-05-27,27.2
2015-05-28,25.7
2015-05-29,25.6
2015-06-01,27.8
2015-06-02,27.6
2015-06-03,25.4
2015-06-04,24.1
2015-06-05,27.0
2015-06-08,25.5
2015-06-09,26.5
2015-06-10,24.9
2015-06-11,27.2
2015-06-12,27.7
2015-06-15,34.3
2015-06-16,42.0
2015-06-17,33.8
2015-06-18,32.7
2015-06-19,30.8
2015-06-22,31.2
2015-06-23,27.7
2015-06-24,28.2
2015-06-25,31.2
2015-06-26,28.8
2015-06-29,34.7
2015-06-30,34.7
2015-07-01,31.2
2015-07-02,33.4
2015-07-03,37.1
2015-07-06,40.8
2015-07-07,39.9
2015-07-08,38.4
2015-07-09,36.1
2015-07-10,29.6
2015-07-13,28.1
2015-07-14,29.8
2015-07-15,28.0
2015-07-16,27.4
2015-07-17,26.3
2015-07-20,25.9
2015-07-21,24.8
2015-07-22,26.8
2015-07-23,27.4
2015-07-24,24.7
2015-07-27,26.2
2015-07-28,25.9
2015-07-29,25.7
2015-07-30,27.2
2015-07-31,24.7
2015-08-03,27.8
2015-08-04,28.0
2015-08-05,29.8
2015-08-06,27.8
2015-08-07,28.7
2015-08-10,27.9
2015-08-11,28.2
2015-08-12,29.3
2015-08-13,30.0
2015-08-14,30.6
2015-08-17,29.4
2015-08-18,30.8
2015-08-19,29.2
2015-08-20,32.8
2015-08-21,35.0
2015-08-24,36.8
2015-08-25,36.4
2015-08-26,38.1
2015-08-27,36.1
2015-08-28,35.2
2015-08-31,35.7
2015-09-01,33.4
2015-09-02,35.1
2015-09-03,34.2
2015-09-04,32.3
2015-09-07,32.9
2015-09-08,34.0
2015-09-09,31.5
2015-09-10,31.4
2015-09-11,32.1
2015-09-14,30.4
2015-09-15,30.3
2015-09-16,30.1
2015-09-17,30.9
2015-09-18,28.5
2015-09-21,26.7
2015-09-22,29.0
2015-09-23,27.2
2015-09-24,28.9
2015-09-25,28.8
2015-09-28,29.7
2015-09-29,31.0
2015-09-30,28.1
2015-10-01,29.3
2015-10-02,28.0
2015-10-05,25.8
2015-10-06,25.5
2015-10-07,24.7
2015-10-08,25.7
2015-10-09,23.9
2015-10-12,25.5
2015-10-13,25.7
2015-10-14,24.5
2015-10-15,24.6
2015-10-16,24.3
2015-10-19,25.1
2015-10-20,24.8
2015-10-21,24.5
2015-10-22,25.9
2015-10-23,22.8
2015-10-26,24.1
2015-10-27,25.5
2015-10-28,25.5
2015-10-29,25.8
2015-10-30,26.1
2015-11-02,27.4
2015-11-03,27.9
2015-11-04,27.9
2015-11-05,28.2
2015-11-06,24.7
2015-11-09,24.8
2015-11-10,24.9
2015-11-11,26.4
2015-11-12,26.2
2015-11-13,26.4
2015-11-16,25.0
2015-11-17,27.3
2015-11-18,28.3
2015-11-19,29.5
2015-11-20,31.0
2015-11-23,33.4
2015-11-24,31.8
2015-11-25,31.3
2015-11-26,31.5
2015-11-27,30.4
2015-11-30,30.3
2015-12-01,29.0
2015-12-02,30.3
2015-12-03,27.9
2015-12-04,30.6
2015-12-07,28.4
2015-12-08,29.0
2015-12-09,28.6
2015-12-10,27.4
2015-12-11,29.8
2015-12-14,30.4
2015-12-15,32.2
2015-12-16,30.9
2015-12-17,31.3
2015-12-18,30.6
2015-12-21,31.3
2015-12-22,31.3
2015-12-23,31.6
2015-12-28,31.2
2015-12-29,31.8
2015-12-30,31.2
2016-01-04,32.4
2016-01-05,31.6
2016-01-06,32.4
2016-01-07,31.6
2016-01-08,32.3
2016-01-11,32.3
2016-01-12,32.7
2016-01-13,33.4
2016-01-14,34.8
2016-01-15,34.6
2016-01-18,34.3
2016-01-19,34.9
2016-01-20,36.7
2016-01-21,35.5
2016-01-22,32.3
2016-01-25,33.8
2016-01-26,32.6
2016-01-27,32.8
2016-01-28,33.9
2016-01-29,34.8
2016-02-01,33.4
2016-02-02,34.1
2016-02-03,34.8
2016-02-04,37.0
2016-02-05,33.2
2016-02-08,36.8
2016-02-09,39.3
2016-02-10,38.8
2016-02-11,40.8
2016-02-12,44.4
2016-02-15,41.6
2016-02-16,41.8
2016-02-17,42.2
2016-02-18,39.7
2016-02-19,39.5
2016-02-22,38.4
2016-02-23,39.0
2016-02-24,40.7
2016-02-25,39.9
2016-02-26,40.1
2016-02-29,37.9
2016-03-01,38.2
2016-03-02,38.9
2016-03-03,38.0
2016-03-04,38.5
2016-03-07,36.9
2016-03-08,35.4
2016-03-09,34.3
2016-03-10,32.6
2016-03-11,31.0
2016-03-14,28.6
2016-03-15,30.6
2016-03-16,29.7
2016-03-17,29.1
2016-03-18,29.6
2016-03-21,29.3
2016-03-22,29.4
2016-03-23,29.5
2016-03-24,30.2
2016-03-29,30.4
2016-03-30,29.2
2016-03-31,28.4
2016-04-01,29.2
2016-04-04,28.0
2016-04-05,28.7
2016-04-06,28.2
2016-04-07,28.7
2016-04-08,29.7
2016-04-11,28.0
2016-04-12,29.5
2016-04-13,28.3
2016-04-14,27.4
2016-04-15,28.5
2016-04-18,29.8
2016-04-19,27.6
2016-04-20,29.3
2016-04-21,28.1
2016-04-22,27.4
2016-04-25,27.4
2016-04-26,28.2
2016-04-27,27.5
2016-04-28,30.5
2016-04-29,30.8
2016-05-02,30.9
2016-05-03,30.9
2016-05-04,32.2
2016-05-05,32.7
2016-05-06,35.4
2016-05-09,34.7
2016-05-10,33.9
2016-05-11,33.5
2016-05-12,32.2
2016-05-13,33.6
2016-05-17,33.7
2016-05-18,33.6
2016-05-19,33.9
2016-05-20,33.8
2016-05-23,32.8
2016-05-24,32.3
2016-05-25,33.5
2016-05-26,33.2
2016-05-27,32.7
2016-05-30,33.3
2016-05-31,34.3
2016-06-01,34.7
2016-06-02,34.9
2016-06-03,36.4
2016-06-06,36.6
2016-06-07,37.9
2016-06-08,37.8
2016-06-09,37.6
2016-06-10,37.4
2016-06-13,41.7
2016-06-14,45.1
2016-06-15,44.1
2016-06-16,46.5
2016-06-17,43.5
2016-06-20,42.0
2016-06-21,39.9
2016-06-22,39.3
2016-06-23,39.3
2016-06-24,45.0
2016-06-27,47.2
2016-06-28,40.3
2016-06-29,37.9
2016-06-30,39.4
2016-07-01,34.1
2016-07-04,33.8
2016-07-05,35.3
2016-07-06,36.5
2016-07-07,37.2
2016-07-08,33.3
2016-07-11,33.5
2016-07-12,32.2
2016-07-13,31.3
2016-07-14,31.0
2016-07-15,30.8
2016-07-18,32.1
2016-07-19,32.8
2016-07-20,31.4
2016-07-21,31.7
2016-07-22,31.7
2016-07-25,31.3
2016-07-26,31.1
2016-07-27,30.1
2016-07-28,30.7
2016-07-29,31.0
2016-08-01,31.1
2016-08-02,31.4
2016-08-03,31.3
2016-08-04,30.4
2016-08-05,30.4
2016-08-08,30.0
2016-08-09,30.7
2016-08-10,29.7
2016-08-11,29.8
2016-08-12,30.4
2016-08-15,29.9
2016-08-16,30.2
2016-08-17,30.5
2016-08-18,30.8
2016-08-19,30.7
2016-08-22,31.0
2016-08-23,31.1
2016-08-24,31.5
2016-08-25,32.2
2016-08-26,31.2
2016-08-29,31.9
2016-08-30,31.5
2016-08-31,32.6
2016-09-01,31.9
2016-09-02,31.4
2016-09-05,29.6
2016-09-06,29.0
2016-09-07,29.5
2016-09-08,29.6
2016-09-09,28.8
2016-09-12,29.5
2016-09-13,30.4
2016-09-14,29.2
2016-09-15,30.0
2016-09-16,30.3
2016-09-19,30.3
2016-09-20,30.6
2016-09-21,29.9
2016-09-22,29.0
2016-09-23,30.1
2016-09-26,31.6
2016-09-27,32.1
2016-09-28,30.6
2016-09-29,30.8
2016-09-30,33.7
2016-10-04,35.5
2016-10-05,36.7
2016-10-06,36.8
2016-10-07,34.4
2016-10-10,33.3
2016-10-11,32.6
2016-10-12,32.6
2016-10-13,32.5
2016-10-14,31.9
2016-10-17,31.9
2016-10-18,32.4
2016-10-19,31.7
2016-10-20,31.0
2016-10-21,30.8
2016-10-24,30.1
2016-10-25,29.1
2016-10-26,30.0
2016-10-27,29.9
2016-10-28,31.1
2016-10-31,33.4
2016-11-01,33.8
2016-11-02,34.1
2016-11-03,33.9
2016-11-04,34.2
2016-11-07,33.8
2016-11-08,34.0
2016-11-09,37.4
2016-11-10,35.9
2016-11-11,44.2
2016-11-14,49.2
2016-11-15,42.5
2016-11-16,43.9
2016-11-17,43.7
2016-11-18,48.0
2016-11-21,50.1
2016-11-22,47.1
2016-11-23,52.4
2016-11-24,49.9
2016-11-25,53.6
2016-11-28,54.5
2016-11-29,54.3
2016-11-30,47.4
2016-12-01,48.8
2016-12-02,43.4
2016-12-05,45.4
2016-12-06,40.7
2016-12-07,40.7
2016-12-08,38.9
2016-12-09,42.1
2016-12-12,43.0
2016-12-13,40.3
2016-12-14,40.6
2016-12-15,42.1
2016-12-16,40.8
2016-12-19,43.9
2016-12-20,42.7
2016-12-21,41.8
2016-12-22,43.2
2016-12-23,43.2
2016-12-27,46.7
2016-12-28,49.7
2016-12-29,44.8
2016-12-30,46.3
2017-01-02,46.0
2017-01-03,46.2
2017-01-04,48.9
2017-01-05,51.4
2017-01-06,52.4
2017-01-09,49.6
2017-01-10,49.8
2017-01-11,49.9
2017-01-12,50.4
2017-01-13,51.7
2017-01-16,52.4
2017-01-17,51.4
2017-01-18,52.4
2017-01-19,51.0
2017-01-20,53.9
2017-01-23,54.4
2017-01-24,52.2
2017-01-25,52.3
2017-01-26,56.6
2017-01-27,57.7
2017-01-30,64.5
2017-01-31,62.4
2017-02-01,66.2
2017-02-02,66.6
2017-02-03,66.9
2017-02-06,73.9
2017-02-07,79.6
2017-02-08,79.1
2017-02-09,72.1
2017-02-10,73.5
2017-02-13,77.7
2017-02-14,73.8
2017-02-15,71.9
2017-02-16,73.8
2017-02-17,80.4
2017-02-20,78.5
2017-02-21,82.2
2017-02-23,77.9
2017-02-24,81.4
2017-02-27,75.2
2017-02-28,73.1
2017-03-01,74.0
2017-03-02,68.4
2017-03-03,66.7
2017-03-06,67.4
2017-03-07,68.7
2017-03-08,69.3
2017-03-09,67.5
2017-03-10,68.9
2017-03-13,66.2
2017-03-14,67.1
2017-03-15,69.7
2017-03-16,65.9
2017-03-17,70.7
2017-03-20,72.5
2017-03-21,69.5
2017-03-22,69.3
2017-03-23,66.0
2017-03-24,65.3
2017-03-27,63.9
2017-03-28,61.1
2017-03-29,61.5
2017-03-30,63.6
2017-03-31,66.7
2017-04-03,69.7
2017-04-04,70.4
2017-04-05,69.6
2017-04-06,70.1
2017-04-07,68.6
2017-04-10,72.8
2017-04-11,78.8
2017-04-12,79.4
2017-04-13,76.6
2017-04-18,76.5
2017-04-19,76.6
2017-04-20,71.4
2017-04-21,63.8
2017-04-24,47.8
2017-04-25,47.0
2017-04-26,50.7
2017-04-27,52.4
2017-04-28,50.1
2017-05-02,49.3
2017-05-03,47.2
2017-05-04,43.3
2017-05-05,41.3
2017-05-08,40.7
2017-05-09,40.7
2017-05-10,39.1
2017-05-11,40.0
2017-05-12,42.1
2017-05-15,41.8
2017-05-16,42.4
2017-05-17,42.3
2017-05-18,44.5
2017-05-19,40.5
2017-05-22,40.5
2017-05-23,40.1
2017-05-24,40.1
2017-05-25,41.2
2017-05-26,40.7
2017-05-29,40.5
2017-05-30,41.9
2017-05-31,39.3
2017-06-01,40.3
2017-06-02,38.9
2017-06-06,39.7
2017-06-07,38.6
2017-06-08,38.0
2017-06-09,33.8
2017-06-12,31.9
2017-06-13,31.0
2017-06-14,30.6
2017-06-15,31.7
2017-06-16,30.0
2017-06-19,30.7
2017-06-20,31.6
2017-06-21,30.5
2017-06-22,30.5
2017-06-23,31.0
2017-06-26,31.5
2017-06-27,31.6
2017-06-28,31.8
2017-06-29,29.9
2017-06-30,31.8
2017-07-03,31.8
2017-07-04,31.4
2017-07-05,30.7
2017-07-06,29.5
2017-07-07,31.8
2017-07-10,33.8
2017-07-11,32.0
2017-07-12,32.0
2017-07-13,29.4
2017-07-14,28.3
2017-07-17,28.6
2017-07-18,27.5
2017-07-19,27.3
2017-07-20,28.6
2017-07-21,25.1
2017-07-24,25.8
2017-07-25,24.9
2017-07-26,26.3
2017-07-27,27.1
2017-07-28,27.7
2017-07-31,26.8
2017-08-01,28.5
2017-08-02,27.5
2017-08-03,28.9
2017-08-04,29.3
2017-08-07,28.6
2017-08-08,30.0
2017-08-09,31.6
2017-08-10,31.5
2017-08-11,32.2
2017-08-14,32.0
2017-08-15,31.4
2017-08-16,30.5
2017-08-17,31.7
2017-08-18,31.4
2017-08-21,31.5
2017-08-22,33.0
2017-08-23,33.7
2017-08-24,33.3
2017-08-25,34.2
2017-08-28,34.5
2017-08-29,35.1
2017-08-30,33.9
2017-08-31,34.4
2017-09-01,32.4
2017-09-04,33.0
2017-09-05,32.8
2017-09-06,32.8
2017-09-07,33.1
2017-09-08,32.0
2017-09-11,31.3
2017-09-12,30.7
2017-09-13,30.4
2017-09-14,30.0
2017-09-15,28.3
2017-09-18,27.8
2017-09-19,28.7
2017-09-20,28.0
2017-09-21,29.8
2017-09-22,29.4
2017-09-25,30.0
2017-09-26,30.7
2017-09-27,29.9
2017-09-28,31.0
2017-09-29,30.4
2017-10-02,30.3
2017-10-04,31.6
2017-10-05,30.5
2017-10-06,28.4
2017-10-09,28.7
2017-10-10,28.4
2017-10-11,27.7
2017-10-12,27.7
2017-10-13,27.1
2017-10-16,26.5
2017-10-17,26.2
2017-10-18,26.8
2017-10-19,26.7
2017-10-20,25.6
2017-10-23,25.3
2017-10-24,24.8
2017-10-25,24.6
2017-10-26,25.2
2017-10-27,24.2
2017-10-30,24.3
2017-11-01,22.5
2017-11-02,21.8
2017-11-03,22.2
2017-11-06,23.2
2017-11-07,22.5
2017-11-08,21.3
2017-11-09,21.5
2017-11-10,20.9
2017-11-13,20.8
2017-11-14,20.0
2017-11-15,20.4
2017-11-16,19.6
2017-11-17,18.8
2017-11-20,18.3
2017-11-21,16.5
2017-11-22,16.4
2017-11-23,17.2
2017-11-24,18.3
2017-11-27,17.8
2017-11-28,17.0
2017-11-29,17.0
2017-11-30,17.4
2017-12-01,16.6
2017-12-04,15.6
2017-12-05,15.7
2017-12-06,17.2
2017-12-07,17.5
2017-12-08,16.7
2017-12-11,18.6
2017-12-12,18.1
2017-12-13,18.3
2017-12-14,19.6
2017-12-15,18.4
2017-12-18,17.5
2017-12-19,16.4
2017-12-20,17.7
2017-12-21,17.8
2017-12-22,18.6
2017-12-27,18.6
2017-12-28,19.5
2017-12-29,20.0
2018-01-02,21.8
2018-01-03,21.0
2018-01-04,21.1
2018-01-05,21.2
2018-01-08,21.0
2018-01-09,20.2
2018-01-10,19.4
2018-01-11,19.1
2018-01-12,19.2
2018-01-15,19.1
2018-01-16,18.5
2018-01-17,19.8
2018-01-18,19.4
2018-01-19,18.9
2018-01-22,19.7
2018-01-23,19.3
2018-01-24,19.6
2018-01-25,18.5
2018-01-26,20.1
2018-01-29,19.9
2018-01-30,19.4
2018-01-31,19.2
2018-02-01,18.8
2018-02-02,17.4
2018-02-05,17.3
2018-02-06,19.3
2018-02-07,16.9
2018-02-08,14.7
2018-02-09,15.2
2018-02-12,15.8
2018-02-13,16.5
2018-02-14,15.9
2018-02-15,15.9
2018-02-16,16.0
2018-02-19,17.6
2018-02-20,17.2
2018-02-21,18.7
2018-02-22,18.7
2018-02-23,19.9
2018-02-26,19.7
2018-02-27,19.8
2018-02-28,18.7
2018-03-01,18.9
2018-03-02,20.5
2018-03-05,19.4
2018-03-06,17.6
2018-03-07,17.5
2018-03-08,17.0
2018-03-09,17.5
2018-03-12,17.1
2018-03-13,18.1
2018-03-14,18.2
2018-03-15,18.5
2018-03-16,18.4
2018-03-19,19.4
2018-03-20,18.0
2018-03-21,18.0
2018-03-22,17.4
2018-03-23,18.4
2018-03-26,17.1
2018-03-27,17.5
2018-03-28,17.9
2018-03-29,17.5
2018-04-03,17.6
2018-04-04,17.3
2018-04-05,16.7
2018-04-06,18.2
2018-04-09,18.8
2018-04-10,16.8
2018-04-11,18.8
2018-04-12,19.3
2018-04-13,17.9
2018-04-16,18.0
2018-04-17,17.9
2018-04-18,17.3
2018-04-19,18.5
2018-04-20,17.2
2018-04-23,16.7
2018-04-24,17.6
2018-04-25,17.7
2018-04-26,18.7
2018-04-27,17.8
2018-04-30,18.4
2018-05-02,18.0
2018-05-03,19.5
2018-05-04,18.7
2018-05-07,18.9
2018-05-08,19.7
2018-05-09,19.7
2018-05-10,20.1
2018-05-11,20.4
2018-05-14,18.5
2018-05-15,19.1
2018-05-16,20.1
2018-05-17,21.2
2018-05-18,18.8
2018-05-22,21.5
2018-05-23,25.6
2018-05-24,23.2
2018-05-25,24.9
2018-05-28,26.2
2018-05-29,40.1
2018-05-30,31.0
2018-05-31,27.5
2018-06-01,26.3
2018-06-04,27.1
2018-06-05,27.6
2018-06-06,30.0
2018-06-07,29.3
2018-06-08,34.3
2018-06-11,32.0
2018-06-12,29.2
2018-06-13,28.3
2018-06-14,26.9
2018-06-15,24.0
2018-06-18,23.6
2018-06-19,22.9
2018-06-20,23.2
2018-06-21,24.3
2018-06-22,25.3
2018-06-25,27.9
2018-06-26,28.5
2018-06-27,30.9
2018-06-28,29.4
2018-06-29,27.3
2018-07-02,28.8
2018-07-03,27.8
2018-07-04,27.9
2018-07-05,26.8
2018-07-06,26.6
2018-07-09,26.4
2018-07-10,26.7
2018-07-11,26.4
2018-07-12,26.3
2018-07-13,27.4
2018-07-16,26.6
2018-07-17,26.9
2018-07-18,26.6
2018-07-19,26.6
2018-07-20,28.3
2018-07-23,29.6
2018-07-24,28.2
2018-07-25,28.2
2018-07-26,27.6
2018-07-27,27.3
2018-07-30,27.9
2018-07-31,26.8
2018-08-01,28.7
2018-08-02,29.0
2018-08-03,32.0
2018-08-06,30.3
2018-08-07,30.5
2018-08-08,30.7
2018-08-09,30.8
2018-08-10,32.3
2018-08-13,34.4
2018-08-14,33.5
2018-08-15,32.6
2018-08-16,33.7
2018-08-17,34.8
2018-08-20,33.6
2018-08-21,32.3
2018-08-22,32.1
2018-08-23,32.1
2018-08-24,31.5
2018-08-27,32.2
2018-08-28,32.3
2018-08-29,32.0
2018-08-30,31.7
2018-08-31,33.3
2018-09-03,33.7
2018-09-04,33.0
2018-09-05,33.0
2018-09-06,32.4
2018-09-07,31.9
2018-09-10,29.8
2018-09-11,29.7
2018-09-12,27.6
2018-09-13,28.3
2018-09-14,28.9
2018-09-17,29.0
2018-09-18,28.7
2018-09-19,28.7
2018-09-20,29.2
2018-09-21,30.2
2018-09-24,30.2
2018-09-25,29.6
2018-09-26,29.4
2018-09-27,30.3
2018-09-28,31.6
2018-10-01,32.0
2018-10-02,34.6
2018-10-04,30.1
2018-10-05,30.9
2018-10-08,32.2
2018-10-09,32.4
2018-10-10,32.1
2018-10-11,34.1
2018-10-12,32.8
2018-10-15,34.0
2018-10-16,33.2
2018-10-17,31.9
2018-10-18,33.3
2018-10-19,38.7
2018-10-22,34.2
2018-10-23,34.9
2018-10-24,36.3
2018-10-25,35.8
2018-10-26,37.7
2018-10-29,37.1
2018-10-30,35.4
2018-10-31,34.6
2018-11-01,34.8
2018-11-02,33.0
2018-11-05,35.0
2018-11-06,35.1
2018-11-07,35.5
2018-11-08,35.8
2018-11-09,35.9
2018-11-12,36.5
2018-11-13,37.0
2018-11-14,35.8
2018-11-15,38.4
2018-11-16,36.6
2018-11-19,37.6
2018-11-20,39.7
2018-11-21,38.7
2018-11-22,37.8
2018-11-23,35.8
2018-11-26,36.4
2018-11-27,35.9
2018-11-28,36.4
2018-11-29,35.7
2018-11-30,35.5
2018-12-03,35.7
2018-12-04,38.1
2018-12-05,39.1
2018-12-06,40.6
2018-12-07,39.9
2018-12-10,41.8
2018-12-11,44.6
2018-12-12,43.3
2018-12-13,41.4
2018-12-14,42.3
2018-12-17,43.7
2018-12-18,44.8
2018-12-19,44.1
2018-12-20,43.3
2018-12-21,42.3
2018-12-27,44.0
2018-12-28,43.7
2019-01-02,44.4
2019-01-03,44.9
2019-01-04,45.3
2019-01-07,46.6
2019-01-08,46.9
2019-01-09,46.5
2019-01-10,44.5
2019-01-11,43.4
2019-01-14,42.7
2019-01-15,42.9
2019-01-16,42.0
2019-01-17,41.5
2019-01-18,39.7
2019-01-21,40.2
2019-01-22,39.9
2019-01-23,41.1
2019-01-24,40.9
2019-01-25,41.9
2019-01-28,40.5
2019-01-29,41.8
2019-01-30,42.3
2019-01-31,41.6
2019-02-01,41.4
2019-02-04,40.8
2019-02-05,41.2
2019-02-06,41.8
2019-02-07,43.3
2019-02-08,43.9
2019-02-11,45.2
2019-02-12,43.6
2019-02-13,43.0
2019-02-14,44.0
2019-02-15,43.4
2019-02-18,44.6
2019-02-19,44.1
2019-02-20,43.6
2019-02-21,42.4
2019-02-22,42.4
2019-02-25,41.8
2019-02-26,41.4
2019-02-27,39.9
2019-02-28,39.7
2019-03-01,38.4
2019-03-04,39.9
2019-03-05,39.5
2019-03-06,38.6
2019-03-07,38.3
2019-03-08,33.5
2019-03-11,33.8
2019-03-12,33.1
2019-03-13,33.4
2019-03-14,32.6
2019-03-15,31.2
2019-03-18,30.5
2019-03-19,30.5
2019-03-20,30.2
2019-03-21,29.5
2019-03-22,30.4
2019-03-25,30.5
2019-03-26,33.0
2019-03-27,31.4
2019-03-28,31.4
2019-03-29,31.4
2019-04-01,32.8
2019-04-02,34.5
2019-04-03,32.4
2019-04-04,31.6
2019-04-05,30.5
2019-04-08,27.9
2019-04-09,28.0
2019-04-10,28.2
2019-04-11,28.4
2019-04-12,26.6
2019-04-15,27.6
2019-04-16,28.1
2019-04-17,27.5
2019-04-18,25.9
2019-04-23,26.7
2019-04-24,28.0
2019-04-25,31.4
2019-04-26,32.8
2019-04-29,31.0
2019-04-30,29.9
2019-05-02,30.4
2019-05-03,29.8
2019-05-06,30.3
2019-05-07,30.1
2019-05-08,33.0
2019-05-09,35.7
2019-05-10,36.2
2019-05-13,36.7
2019-05-14,36.8
2019-05-15,38.6
2019-05-16,38.5
2019-05-17,36.9
2019-05-20,37.8
2019-05-21,38.8
2019-05-22,38.4
2019-05-23,38.5
2019-05-24,36.7
2019-05-27,38.9
2019-05-28,40.4
2019-05-29,39.0
2019-05-30,39.7
2019-05-31,41.8
2019-06-03,39.8
2019-06-04,39.7
2019-06-05,39.0
2019-06-06,37.3
2019-06-07,33.9
2019-06-11,33.8
2019-06-12,33.6
2019-06-13,35.5
2019-06-14,35.5
2019-06-17,34.6
2019-06-18,33.8
2019-06-19,33.7
2019-06-20,31.9
2019-06-21,33.7
2019-06-24,32.6
2019-06-25,31.6
2019-06-26,33.0
2019-06-27,32.8
2019-06-28,32.2
2019-07-01,31.9
2019-07-02,30.9
2019-07-03,29.1
2019-07-04,28.8
2019-07-05,28.0
2019-07-08,27.0
2019-07-09,27.8
2019-07-10,28.6
2019-07-11,27.7
2019-07-12,28.3
2019-07-15,30.3
2019-07-16,29.6
2019-07-17,28.1
2019-07-18,28.4
2019-07-19,28.7
2019-07-22,29.4
2019-07-23,29.6
2019-07-24,29.6
2019-07-25,29.2
2019-07-26,28.3
2019-07-29,27.9
2019-07-30,29.0
2019-07-31,28.8
2019-08-01,29.7
2019-08-02,30.2
2019-08-05,30.6
2019-08-06,30.3
2019-08-07,30.0
2019-08-08,30.5
2019-08-09,33.6
2019-08-12,33.4
2019-08-13,33.9
2019-08-14,31.6
2019-08-15,32.4
2019-08-16,31.6
2019-08-19,30.9
2019-08-20,31.6
2019-08-21,29.9
2019-08-22,29.8
2019-08-23,30.9
2019-08-26,32.3
2019-08-27,31.2
2019-08-28,30.3
2019-08-29,31.2
2019-08-30,31.4
2019-09-02,32.2
2019-09-03,33.6
2019-09-04,33.6
2019-09-05,32.1
2019-09-06,32.3
2019-09-09,33.7
2019-09-10,34.1
2019-09-11,33.0
2019-09-12,32.3
2019-09-13,31.5
2019-09-16,31.4
2019-09-17,32.1
2019-09-18,32.1
2019-09-19,32.1
2019-09-20,32.3
2019-09-23,32.9
2019-09-24,31.9
2019-09-25,32.7
2019-09-26,32.5
2019-09-27,33.2
2019-09-30,32.4
2019-10-01,32.9
2019-10-02,33.9
2019-10-04,34.0
2019-10-07,34.4
2019-10-08,34.0
2019-10-09,33.4
2019-10-10,32.9
2019-10-11,31.9
2019-10-14,31.0
2019-10-15,29.5
2019-10-16,29.7
2019-10-17,27.6
2019-10-18,29.5
2019-10-21,29.7
2019-10-22,30.1
2019-10-23,30.3
2019-10-24,29.5
2019-10-25,28.9
2019-10-28,29.7
2019-10-29,29.2
2019-10-30,29.4
2019-10-31,30.5
2019-11-01,30.5
2019-11-04,31.2
2019-11-05,29.9
2019-11-06,29.3
2019-11-07,29.5
2019-11-08,29.0
2019-11-11,29.1
2019-11-12,29.4
2019-11-13,29.5
2019-11-14,31.0
2019-11-15,31.0
2019-11-18,30.4
2019-11-19,30.1
2019-11-20,31.1
2019-11-21,30.9
2019-11-22,31.0
2019-11-25,30.9
2019-11-26,30.8
2019-11-27,30.8
2019-11-28,31.5
2019-11-29,30.8
2019-12-02,31.2
2019-12-03,30.1
2019-12-04,30.6
2019-12-05,30.8
2019-12-06,31.9
2019-12-09,30.9
2019-12-10,30.6
2019-12-11,30.3
2019-12-12,30.9
2019-12-13,28.2
2019-12-16,28.9
2019-12-17,29.4
2019-12-18,29.1
2019-12-19,29.1
2019-12-20,28.5
2019-12-23,28.1
2019-12-27,28.7
2019-12-30,28.4
2020-01-02,28.9
2020-01-03,30.6
2020-01-06,30.3
2020-01-07,30.0
2020-01-08,29.1
2020-01-09,27.2
2020-01-10,26.1
2020-01-13,27.5
2020-01-14,26.2
2020-01-15,27.0
2020-01-16,27.9
2020-01-17,27.2
2020-01-20,28.1
2020-01-21,27.0
2020-01-22,26.7
2020-01-23,25.5
2020-01-24,25.9
2020-01-27,27.9
2020-01-28,27.4
2020-01-29,26.3
2020-01-30,27.6
2020-01-31,27.7
2020-02-03,28.2
2020-02-04,28.2
2020-02-05,27.7
2020-02-06,28.0
2020-02-07,26.1
2020-02-10,25.5
2020-02-11,24.1
2020-02-12,25.5
2020-02-13,25.5
2020-02-14,25.4
2020-02-17,25.1
2020-02-18,25.1
2020-02-19,26.0
2020-02-20,25.3
2020-02-21,22.0
2020-02-24,25.4
2020-02-25,28.3
2020-02-26,28.3
2020-02-27,28.6
2020-02-28,30.8
2020-03-02,32.5
2020-03-03,31.7
2020-03-04,30.0
2020-03-05,32.1
2020-03-06,41.4
2020-03-09,48.8
2020-03-10,46.8
2020-03-11,51.8
2020-03-12,49.2
2020-03-13,59.7
2020-03-16,63.0
2020-03-17,73.1
2020-03-18,58.1
2020-03-19,42.1
2020-03-20,44.5
2020-03-23,48.5
2020-03-24,52.4
2020-03-25,49.6
2020-03-26,47.8
2020-03-27,39.5
2020-03-30,43.8
2020-03-31,42.9
2020-04-01,48.4
2020-04-02,50.2
2020-04-03,49.1
2020-04-06,51.3
2020-04-07,48.5
2020-04-08,49.4
2020-04-09,46.3
2020-04-14,47.1
2020-04-15,49.7
2020-04-16,50.5
2020-04-17,50.9
2020-04-20,52.0
2020-04-21,52.2
2020-04-22,55.2
2020-04-23,50.2
2020-04-24,54.3
2020-04-27,50.4
2020-04-28,47.9
2020-04-29,47.1
2020-04-30,46.3
2020-05-04,50.8
2020-05-05,49.6
2020-05-06,50.1
2020-05-07,51.3
2020-05-08,50.8
2020-05-11,49.9
2020-05-12,49.2
2020-05-13,48.7
2020-05-14,48.4
2020-05-15,49.9
2020-05-18,51.0
2020-05-19,45.0
2020-05-20,45.5
2020-05-21,44.6
2020-05-22,44.6
2020-05-25,44.7
2020-05-26,43.1
2020-05-27,43.4
2020-05-28,38.7
2020-05-29,36.2
2020-06-02,35.2
2020-06-03,35.5
2020-06-04,36.0
2020-06-05,29.7
2020-06-08,28.6
2020-06-09,30.4
2020-06-10,31.4
2020-06-11,34.0
2020-06-12,34.0
2020-06-15,32.3
2020-06-16,30.7
2020-06-17,30.3
2020-06-18,31.1
2020-06-19,30.7
2020-06-22,29.4
2020-06-23,28.7
2020-06-24,28.2
2020-06-25,30.4
2020-06-26,30.6
2020-06-29,31.9
2020-06-30,31.7
2020-07-01,28.2
2020-07-02,30.1
2020-07-03,28.9
2020-07-06,29.2
2020-07-07,28.9
2020-07-08,28.8
2020-07-09,29.3
2020-07-10,30.8
2020-07-13,30.6
2020-07-14,29.3
2020-07-15,30.2
2020-07-16,29.5
2020-07-17,29.3
2020-07-20,28.0
2020-07-21,28.8
2020-07-22,29.5
2020-07-23,29.4
2020-07-24,28.4
2020-07-27,29.5
2020-07-28,29.5
2020-07-29,30.1
2020-07-30,31.1
2020-07-31,32.0
2020-08-03,31.5
2020-08-04,31.0
2020-08-05,30.0
2020-08-06,30.0
2020-08-07,30.0
2020-08-10,29.0
2020-08-11,27.0
2020-08-12,27.0
2020-08-13,27.0
2020-08-14,28.0
2020-08-17,27.0
2020-08-18,28.0
2020-08-19,28.0
2020-08-20,28.0
2020-08-21,29.0
2020-08-24,30.0
2020-08-25,33.0
2020-08-26,27.0
2020-08-27,29.0
2020-08-28,28.0
2020-08-31,29.0
2020-09-01,29.0
2020-09-02,27.0
2020-09-03,28.0
2020-09-04,28.0
2020-09-07,29.0
2020-09-08,28.0
2020-09-09,29.0
2020-09-10,28.0
2020-09-11,28.0
2020-09-14,28.0
2020-09-15,27.0
2020-09-16,26.0
2020-09-17,26.0
2020-09-18,26.0
2020-09-21,26.0
2020-09-22,26.0
2020-09-23,25.0
2020-09-24,27.0
2020-09-25,27.0
2020-09-28,27.0
2020-09-29,28.0
2020-09-30,27.0
2020-10-01,27.0
2020-10-02,28.0
2020-10-05,28.0
2020-10-06,27.0
2020-10-07,26.0
2020-10-08,26.0
2020-10-09,26.0
2020-10-12,27.0
2020-10-13,26.0
2020-10-14,26.0
2020-10-15,27.0
2020-10-16,28.0
2020-10-19,28.0
2020-10-20,29.0
2020-10-21,28.0
2020-10-22,29.0
2020-10-23,27.0
2020-10-26,27.0
2020-10-27,28.0
2020-10-28,31.0
2020-10-29,29.0
2020-10-30,28.0
2020-11-02,28.0
2020-11-03,28.0
2020-11-04,29.0
2020-11-05,28.0
2020-11-06,27.0
2020-11-09,26.0
2020-11-10,25.0
2020-11-11,24.0
2020-11-12,24.0
2020-11-13,25.0
2020-11-16,25.0
2020-11-17,25.0
2020-11-18,23.0
2020-11-19,25.0
2020-11-20,25.0
2020-11-23,24.0
2020-11-24,25.0
2020-11-25,25.0
2020-11-26,25.0
2020-11-27,24.0
2020-11-30,24.0
2020-12-01,25.0
2020-12-02,24.0
2020-12-03,24.0
2020-12-04,25.0
2020-12-07,24.0
2020-12-08,25.0
2020-12-09,24.0
2020-12-10,26.0
2020-12-11,26.0
2020-12-14,25.0
2020-12-15,26.0
2020-12-16,24.0
2020-12-17,24.0
2020-12-18,25.0
2020-12-21,25.0
2020-12-22,25.0
2020-12-23,26.0
2020-12-28,20.0
2020-12-29,24.0
2020-12-30,24.0
2021-01-04,24.0
2021-01-05,25.0
2021-01-06,24.0
2021-01-07,24.0
2021-01-08,24.0
2021-01-11,24.0
2021-01-12,25.0
2021-01-13,25.0
2021-01-14,25.0
2021-01-15,26.0
2021-01-18,26.0
2021-01-19,26.0
2021-01-20,25.0
2021-01-21,26.0
2021-01-22,26.0
2021-01-25,25.0
2021-01-26,27.0
2021-01-27,28.0
2021-01-28,28.0
2021-01-29,26.0
2021-02-01,25.0
2021-02-02,28.0
2021-02-03,27.0
2021-02-04,27.0
2021-02-05,25.0
2021-02-08,25.0
2021-02-09,25.0
2021-02-10,26.0
2021-02-11,26.0
2021-02-12,26.0
2021-02-15,25.0
2021-02-16,26.0
2021-02-17,27.0
2021-02-18,28.0
2021-02-19,29.0
2021-02-22,28.0
2021-02-23,29.0
2021-02-24,28.0
2021-02-25,28.0
2021-02-26,29.0
2021-03-01,26.0
2021-03-02,27.0
2021-03-03,25.0
2021-03-04,26.0
2021-03-05,28.0
2021-03-08,27.0
2021-03-09,25.0
2021-03-10,27.0
2021-03-11,28.0
2021-03-12,26.0
2021-03-15,26.0
2021-03-16,27.0
2021-03-17,26.0
2021-03-18,27.0
2021-03-19,26.0
2021-03-22,27.0
2021-03-23,26.0
2021-03-24,27.0
2021-03-25,26.0
2021-03-26,27.0
2021-03-29,27.0
2021-03-30,27.0
2021-03-31,25.0
2021-04-01,27.0
2021-04-06,28.0
2021-04-07,28.0
2021-04-08,27.0
2021-04-09,27.0
2021-04-12,28.0
2021-04-13,28.0
2021-04-14,27.0
2021-04-15,28.0
2021-04-16,29.0
2021-04-19,28.0
2021-04-20,28.0
2021-04-21,27.0
2021-04-22,27.0
2021-04-23,27.0
2021-04-26,26.0
2021-04-27,29.0
2021-04-28,28.0
2021-04-29,28.0
2021-04-30,29.0
2021-05-03,30.0
2021-05-04,30.0
2021-05-05,30.0
2021-05-06,29.0
2021-05-07,32.0
2021-05-10,31.0
2021-05-11,31.0
2021-05-12,32.0
2021-05-13,32.0
2021-05-14,34.0
2021-05-17,34.0
2021-05-18,34.0
2021-05-19,34.0
2021-05-20,33.0
2021-05-21,31.0
2021-05-25,30.0
2021-05-26,30.0
2021-05-27,30.0
2021-05-28,30.0
2021-05-31,30.0
2021-06-01,29.0
2021-06-02,29.0
2021-06-03,30.0
2021-06-04,30.0
2021-06-07,30.0
2021-06-08,31.0
2021-06-09,30.0
2021-06-10,31.0
2021-06-11,31.0
2021-06-14,31.0
2021-06-15,32.0
2021-06-16,31.0
2021-06-17,33.0
2021-06-18,34.0
2021-06-21,34.0
2021-06-22,33.0
2021-06-23,32.0
2021-06-24,32.0
2021-06-25,33.0
2021-06-28,34.0
2021-06-29,32.0
2021-06-30,33.0
2021-07-01,32.0
2021-07-02,32.0
2021-07-05,32.0
2021-07-06,31.0
2021-07-07,31.0
2021-07-08,33.0
2021-07-09,34.0
2021-07-12,33.0
2021-07-13,33.0
2021-07-14,32.0
2021-07-15,33.0
2021-07-16,33.0
2021-07-19,33.0
2021-07-20,34.0
2021-07-21,35.0
2021-07-22,34.0
2021-07-23,34.0
2021-07-26,33.0
2021-07-27,34.0
2021-07-28,35.0
2021-07-29,35.0
2021-07-30,35.0
2021-08-02,34.0
2021-08-03,34.0
2021-08-04,34.0
2021-08-05,35.0
2021-08-06,33.0
2021-08-09,34.0
2021-08-10,34.0
2021-08-11,34.0
2021-08-12,34.0
2021-08-13,35.0
2021-08-16,35.0
2021-08-17,35.0
2021-08-18,36.0
2021-08-19,36.0
2021-08-20,35.0
2021-08-23,35.0
2021-08-24,35.0
2021-08-25,35.0
2021-08-26,35.0
2021-08-27,36.0
2021-08-30,36.0
2021-08-31,35.0
2021-09-01,35.0
2021-09-02,33.0
2021-09-03,35.0
2021-09-06,34.0
2021-09-07,33.0
2021-09-08,34.0
2021-09-09,34.0
2021-09-10,33.0
2021-09-13,33.0
2021-09-14,33.0
2021-09-15,33.0
2021-09-16,33.0
2021-09-17,33.0
2021-09-20,34.0
2021-09-21,33.0
2021-09-22,33.0
2021-09-23,33.0
2021-09-24,34.0
2021-09-27,35.0
2021-09-28,34.0
2021-09-29,35.0
2021-09-30,35.0
2021-10-01,36.0
2021-10-04,35.0
2021-10-05,35.0
2021-10-06,36.0
2021-10-07,35.0
2021-10-08,35.0
2021-10-11,34.0
2021-10-12,35.0
2021-10-13,34.0
2021-10-14,35.0
2021-10-15,35.0
2021-10-18,37.0
2021-10-19,36.0
2021-10-20,36.0
2021-10-21,35.0
2021-10-22,36.0
2021-10-25,36.0
2021-10-26,36.0
2021-10-27,37.0
2021-10-28,38.0
2021-10-29,39.0
2021-11-01,29.0
2021-11-02,40.0
2021-11-03,39.0
2021-11-04,39.0
2021-11-05,39.0
2021-11-08,38.0
2021-11-09,38.0
2021-11-10,39.0
2021-11-11,41.0
2021-11-12,41.0
2021-11-15,40.0
2021-11-16,41.0
2021-11-17,40.0
2021-11-18,41.0
2021-11-19,40.0
2021-11-22,40.0
2021-11-23,40.0
2021-11-24,42.0
2021-11-25,40.0
2021-11-26,42.0
2021-11-29,41.0
2021-11-30,41.0
2021-12-01,41.0
2021-12-02,41.0
2021-12-03,40.0
2021-12-06,40.0
2021-12-07,39.0
2021-12-08,39.0
2021-12-09,39.0
2021-12-10,38.0
2021-12-13,38.0
2021-12-14,38.0
2021-12-15,38.0
2021-12-16,38.0
2021-12-17,38.0
2021-12-20,38.0
2021-12-21,38.0
2021-12-22,41.0
2021-12-23,40.0
2021-12-27,36.0
2021-12-28,37.0
2021-12-29,36.0
2021-12-30,34.0
2022-01-03,40.0
2022-01-04,39.0
2022-01-05,38.0
2022-01-06,37.0
2022-01-07,39.0
2022-01-10,38.0
2022-01-11,39.0
2022-01-12,39.0
2022-01-13,38.0
2022-01-14,38.0
2022-01-17,39.0
2022-01-18,39.0
2022-01-19,38.0
2022-01-20,38.0
2022-01-21,39.0
2022-01-24,39.0
2022-01-25,40.0
2022-01-26,41.0
2022-01-27,40.0
2022-01-28,42.0
2022-01-31,41.0
2022-02-01,44.0
2022-02-02,43.0
2022-02-03,45.0
2022-02-04,49.0
2022-02-07,49.0
2022-02-08,49.0
2022-02-09,48.0
2022-02-10,48.0
2022-02-11,50.0
2022-02-14,53.0
2022-02-15,51.0
2022-02-16,49.0
2022-02-17,49.0
2022-02-18,49.0
2022-02-21,51.0
2022-02-22,53.0
2022-02-23,50.0
2022-02-24,54.0
2022-02-25,51.0
2022-02-28,50.0
2022-03-01,47.0
2022-03-02,47.0
2022-03-03,48.0
2022-03-04,49.0
2022-03-07,54.0
2022-03-08,48.0
2022-03-09,45.0
2022-03-10,47.0
2022-03-11,51.0
2022-03-14,48.0
2022-03-15,49.0
2022-03-16,47.0
2022-03-17,48.0
2022-03-18,47.0
2022-03-21,48.0
2022-03-22,48.0
2022-03-23,48.0
2022-03-24,48.0
2022-03-25,47.0
2022-03-28,45.0
2022-03-29,44.0
2022-03-30,45.0
2022-03-31,45.0
2022-04-01,45.0
2022-04-04,50.0
2022-04-05,53.0
2022-04-06,55.0
2022-04-07,55.0
2022-04-08,57.0
2022-04-11,51.0
2022-04-12,53.0
2022-04-13,52.0
2022-04-14,51.0
2022-04-19,50.0
2022-04-20,49.0
2022-04-21,50.0
2022-04-22,47.0
2022-04-25,50.0
2022-04-26,50.0
2022-04-27,56.0
2022-04-28,56.0
2022-04-29,58.0
2022-05-02,58.0
2022-05-03,56.0
2022-05-04,54.0
2022-05-05,54.0
2022-05-06,56.0
2022-05-09,57.0
2022-05-10,55.0
2022-05-11,53.0
2022-05-12,54.0
2022-05-13,52.0
2022-05-16,52.0
2022-05-17,52.0
2022-05-18,51.0
2022-05-19,52.0
2022-05-20,51.0
2022-05-23,53.0
2022-05-24,53.0
2022-05-25,53.0
2022-05-26,51.0
2022-05-27,51.0
2022-05-30,50.0
2022-05-31,51.0
2022-06-01,51.0
2022-06-02,50.0
2022-06-03,52.0
2022-06-06,52.0
2022-06-07,51.0
2022-06-08,51.0
2022-06-09,50.0
2022-06-10,56.0
2022-06-13,62.0
2022-06-14,61.0
2022-06-15,57.0
2022-06-16,57.0
2022-06-17,53.0
2022-06-20,54.0
2022-06-21,52.0
2022-06-22,55.0
2022-06-23,52.0
2022-06-24,50.0
2022-06-27,51.0
2022-06-28,22.0
2022-06-29,53.0
2022-06-30,54.0
2022-07-01,57.0
2022-07-04,58.0
2022-07-05,55.0
2022-07-06,57.0
2022-07-07,59.0
2022-07-08,55.0
2022-07-11,55.0
2022-07-12,55.0
2022-07-13,53.0
2022-07-14,54.0
2022-07-15,55.0
2022-07-18,55.0
2022-07-19,53.0
2022-07-20,50.0
2022-07-21,51.0
2022-07-22,51.0
2022-07-25,51.0
2022-07-26,50.0
2022-07-27,51.0
2022-07-28,50.0
2022-07-29,49.0
2022-08-01,49.0
2022-08-02,49.0
2022-08-03,52.0
2022-08-04,49.0
2022-08-05,49.0
2022-08-08,48.0
2022-08-09,49.0
2022-08-10,49.0
2022-08-11,49.0
2022-08-12,49.0
2022-08-15,49.0
2022-08-16,49.0
2022-08-17,50.0
2022-08-18,51.0
2022-08-19,50.0
2022-08-22,52.0
2022-08-23,53.0
2022-08-24,54.0
2022-08-25,54.0
2022-08-26,55.0
2022-08-29,56.0
2022-08-30,56.0
2022-08-31,55.0
2022-09-01,56.0
2022-09-02,55.0
2022-09-05,57.0
2022-09-06,59.0
2022-09-07,55.0
2022-09-08,54.0
2022-09-09,53.0
2022-09-12,52.0
2022-09-13,54.0
2022-09-14,53.0
2022-09-15,52.0
2022-09-16,53.0
2022-09-19,52.0
2022-09-20,51.0
2022-09-21,54.0
2022-09-22,54.0
2022-09-23,52.0
2022-09-26,55.0
2022-09-27,55.0
2022-09-28,50.0
2022-09-29,57.0
2022-09-30,59.0
2022-10-03,59.0
2022-10-04,58.0
2022-10-05,55.0
2022-10-06,57.0
2022-10-07,58.0
2022-10-10,59.0
2022-10-11,55.0
2022-10-12,55.0
2022-10-13,55.0
2022-10-14,56.0
2022-10-17,55.0
2022-10-18,54.0
2022-10-19,55.0
2022-10-20,54.0
2022-10-21,51.0
2022-10-24,52.0
2022-10-25,49.0
2022-10-26,48.0
2022-10-27,49.0
2022-10-28,49.0
2022-10-31,46.0
2022-11-01,47.0
2022-11-02,49.0
2022-11-03,49.0
2022-11-04,50.0
2022-11-07,48.0
2022-11-08,45.0
2022-11-09,45.0
2022-11-10,46.0
2022-11-11,46.0
2022-11-14,45.0
2022-11-15,45.0
2022-11-16,42.0
2022-11-17,43.0
2022-11-18,43.0
2022-11-21,43.0
2022-11-22,43.0
2022-11-23,43.0
2022-11-24,42.0
2022-11-25,42.0
2022-11-28,46.0
2022-11-29,45.0
2022-11-30,46.0
2022-12-01,45.0
2022-12-02,44.0
2022-12-05,46.0
2022-12-06,44.0
2022-12-07,45.0
2022-12-08,46.0
2022-12-09,47.0
2022-12-12,47.0
2022-12-13,46.0
2022-12-14,47.0
2022-12-15,47.0
2022-12-16,53.0
2022-12-19,51.0
2022-12-20,52.0
2022-12-21,52.0
2022-12-22,54.0
2022-12-23,54.0
2022-12-27,54.0
2022-12-28,53.0
2022-12-29,52.0
2022-12-30,49.0
2023-01-02,54.0
2023-01-03,52.0
2023-01-04,50.0
2023-01-05,49.0
2023-01-06,51.0
2023-01-09,51.0
2023-01-10,49.0
2023-01-11,47.0
2023-01-12,46.0
2023-01-13,47.0
2023-01-16,48.0
2023-01-17,49.0
2023-01-18,46.0
2023-01-19,44.0
2023-01-20,46.0
2023-01-23,47.0
2023-01-24,48.0
2023-01-25,47.0
2023-01-26,48.0
2023-01-27,49.0
2023-01-30,49.0
2023-01-31,51.0
2023-02-01,51.0
2023-02-02,49.0
2023-02-03,48.0
2023-02-06,49.0
2023-02-07,49.0
2023-02-08,48.0
2023-02-09,49.0
2023-02-10,50.0
2023-02-13,50.0
2023-02-14,48.0
2023-02-15,48.0
2023-02-16,48.0
2023-02-17,48.0
2023-02-20,48.0
2023-02-21,50.0
2023-02-22,50.0
2023-02-23,50.0
2023-02-24,50.0
2023-02-27,50.0
2023-02-28,49.0
2023-03-01,49.0
2023-03-02,50.0
2023-03-03,51.0
2023-03-06,50.0
2023-03-07,51.0
2023-03-08,51.0
2023-03-09,52.0
2023-03-10,51.0
2023-03-13,56.0
2023-03-14,56.0
2023-03-15,56.0
2023-03-16,56.0
2023-03-17,58.0
2023-03-20,62.0
2023-03-21,56.0
2023-03-22,58.0
2023-03-23,57.0
2023-03-24,58.0
2023-03-27,56.0
2023-03-28,57.0
2023-03-29,56.0
2023-03-30,55.0
2023-03-31,55.0
2023-04-03,55.0
2023-04-04,56.0
2023-04-05,57.0
2023-04-06,58.0
2023-04-11,57.0
2023-04-12,57.0
2023-04-13,57.0
2023-04-14,57.0
2023-04-17,55.0
2023-04-18,55.0
2023-04-19,54.0
2023-04-20,54.0
2023-04-21,55.0
2023-04-24,55.0
2023-04-25,54.0
2023-04-26,56.0
2023-04-27,56.0
2023-04-28,56.0
2023-05-02,58.0
2023-05-03,58.0
2023-05-04,57.0
2023-05-05,60.0
2023-05-09,59.0
2023-05-10,59.0
2023-05-11,57.0
2023-05-12,56.0
2023-05-15,56.0
2023-05-16,56.0
2023-05-17,56.0
2023-05-18,57.0
2023-05-19,58.0
2023-05-22,57.0
2023-05-23,57.0
2023-05-24,57.0
2023-05-25,56.0
2023-05-26,58.0
2023-05-29,57.0
2023-05-30,58.0
2023-05-31,55.0
2023-06-01,57.0
2023-06-02,56.0
2023-06-05,54.0
2023-06-06,53.0
2023-06-07,54.0
2023-06-08,55.0
2023-06-09,55.0
2023-06-12,55.0
2023-06-13,53.0
2023-06-14,52.0
2023-06-15,53.0
2023-06-16,52.0
2023-06-19,51.0
2023-06-20,51.0
2023-06-21,53.0
2023-06-22,54.0
2023-06-23,53.0
2023-06-26,51.0
2023-06-27,52.0
2023-06-28,54.0
2023-06-29,53.0
2023-06-30,56.0
2023-07-03,55.0
2023-07-04,57.0
2023-07-05,59.0
2023-07-06,56.0
2023-07-07,56.0
2023-07-10,57.0
2023-07-11,59.0
2023-07-12,58.0
2023-07-13,55.0
2023-07-14,55.0
2023-07-17,54.0
2023-07-18,55.0
2023-07-19,53.0
2023-07-20,55.0
2023-07-21,55.0
2023-07-24,57.0
2023-07-25,55.0
2023-07-26,55.0
2023-07-27,55.0
2023-07-28,56.0
2023-07-31,54.0
2023-08-01,55.0
2023-08-02,56.0
2023-08-03,54.0
2023-08-04,55.0
2023-08-07,55.0
2023-08-08,55.0
2023-08-09,54.0
2023-08-10,55.0
2023-08-11,55.0
2023-08-14,54.0
2023-08-15,56.0
2023-08-16,56.0
2023-08-17,56.0
2023-08-18,56.0
2023-08-21,55.0
2023-08-22,55.0
2023-08-23,53.0
2023-08-24,54.0
2023-08-25,53.0
2023-08-28,54.0
2023-08-29,53.0
2023-08-30,55.0
2023-08-31,55.0
2023-09-01,54.0
2023-09-04,53.0
2023-09-05,53.0
2023-09-06,54.0
2023-09-07,55.0
2023-09-08,55.0
2023-09-11,57.0
2023-09-12,54.0
2023-09-13,55.0
2023-09-14,56.0
2023-09-15,56.0
2023-09-18,55.0
2023-09-19,54.0
2023-09-20,57.0
2023-09-21,56.0
2023-09-22,56.0
2023-09-25,55.0
2023-09-26,56.0
2023-09-27,57.0
2023-09-28,58.0
2023-09-29,57.0
2023-10-02,58.0
2023-10-03,56.0
2023-10-04,58.0
2023-10-05,58.0
2023-10-06,61.0
2023-10-09,61.0
2023-10-10,58.0
2023-10-11,57.0
2023-10-12,56.0
2023-10-13,57.0
2023-10-16,59.0
2023-10-17,59.0
2023-10-18,59.0
2023-10-19,60.0
2023-10-20,59.0
2023-10-23,58.0
2023-10-24,59.0
2023-10-25,59.0
2023-10-26,60.0
2023-10-27,60.0
2023-10-30,58.0
2023-10-31,59.0
2023-11-01,60.0
2023-11-02,56.0
2023-11-03,56.0
2023-11-06,55.0
2023-11-07,58.0
2023-11-08,56.0
2023-11-09,56.0
2023-11-10,56.0
2023-11-13,54.0
2023-11-14,54.0
2023-11-15,53.0
2023-11-16,54.0
2023-11-17,53.0
2023-11-20,54.0
2023-11-21,54.0
2023-11-22,55.0
2023-11-23,54.0
2023-11-24,54.0
2023-11-27,56.0
2023-11-28,54.0
2023-11-29,54.0
2023-11-30,54.0
2023-12-01,53.0
2023-12-04,53.0
2023-12-05,52.0
2023-12-06,53.0
2023-12-07,51.0
2023-12-08,52.0
2023-12-11,53.0
2023-12-12,52.0
2023-12-13,52.0
2023-12-14,47.0
2023-12-15,50.0
2023-12-18,49.0
2023-12-19,49.0
2023-12-20,48.0
2023-12-21,48.0
2023-12-22,47.0
2023-12-27,47.0
2023-12-28,49.0
2023-12-29,48.0
2024-01-02,49.0
2024-01-03,50.0
2024-01-04,50.0
2024-01-05,50.0
2024-01-08,49.0
2024-01-09,51.0
2024-01-10,50.0
2024-01-11,49.0
2024-01-12,51.0
2024-01-15,49.0
2024-01-16,49.0
2024-01-17,49.0
2024-01-18,50.0
2024-01-19,50.0
2024-01-22,49.0
2024-01-23,48.0
2024-01-24,48.0
2024-01-25,50.0
2024-01-26,47.0
2024-01-29,49.0
2024-01-30,49.0
2024-01-31,47.0
2024-02-01,50.0
2024-02-02,50.0
2024-02-05,49.0
2024-02-06,50.0
2024-02-07,50.0
2024-02-08,50.0
2024-02-09,52.0
2024-02-12,51.0
2024-02-13,49.0
2024-02-14,49.0
2024-02-15,49.0
2024-02-16,48.0
2024-02-19,47.0
2024-02-20,48.0
2024-02-21,48.0
2024-02-22,48.0
2024-02-23,47.0
2024-02-26,47.0
2024-02-27,48.0
2024-02-28,48.0
2024-02-29,47.0
2024-03-01,54.0
2024-03-04,49.0
2024-03-05,48.0
2024-03-06,46.0
2024-03-07,46.0
2024-03-08,46.0
2024-03-11,45.0
2024-03-12,45.0
2024-03-13,44.0
2024-03-14,42.0
2024-03-15,44.0
2024-03-18,44.0
2024-03-19,44.0
2024-03-20,43.0
2024-03-21,43.0
2024-03-22,45.0
2024-03-25,48.0
2024-03-26,48.0
2024-03-27,49.0
2024-03-28,50.0
2024-04-02,51.0
2024-04-03,53.0
2024-04-04,51.0
2024-04-05,51.0
2024-04-08,49.0
2024-04-09,50.0
2024-04-10,49.0
2024-04-11,50.0
2024-04-12,50.0
2024-04-15,51.0
2024-04-16,51.0
2024-04-17,52.0
2024-04-18,51.0
2024-04-19,52.0
2024-04-22,51.0
2024-04-23,52.0
2024-04-24,49.0
2024-04-25,49.0
2024-04-26,50.0
2024-04-29,49.0
2024-04-30,48.0
2024-05-02,49.0
2024-05-03,48.0
2024-05-06,47.0
2024-05-07,49.0
2024-05-08,49.0
2024-05-09,50.0
2024-05-10,49.0
2024-05-13,49.0
2024-05-14,48.0
2024-05-15,49.0
2024-05-16,48.0
2024-05-17,48.0
2024-05-20,48.0
2024-05-21,48.0
2024-05-22,48.0
2024-05-23,49.0
2024-05-24,47.0
2024-05-27,48.0
2024-05-28,47.0
2024-05-29,46.0
2024-05-30,48.0
2024-05-31,47.0
2024-06-03,47.0
2024-06-04,47.0
2024-06-05,48.0
2024-06-06,49.0
2024-06-07,48.0
2024-06-10,55.0
2024-06-11,63.0
2024-06-12,63.0
2024-06-13,63.0
2024-06-14,74.0
2024-06-17,74.0
2024-06-18,74.0
2024-06-19,73.0
2024-06-20,72.0
2024-06-21,72.0
2024-06-24,70.0
2024-06-25,69.0
2024-06-26,69.0
2024-06-27,71.0
2024-06-28,77.0
2024-07-01,69.0
2024-07-02,71.0
2024-07-03,65.0
2024-07-04,65.0
2024-07-05,64.0
2024-07-08,61.0
2024-07-09,61.0
2024-07-10,63.0
2024-07-11,60.0
2024-07-12,60.0
2024-07-15,62.0
2024-07-16,61.0
2024-07-17,62.0
2024-07-18,62.0
2024-07-19,62.0
2024-07-22,62.0
2024-07-23,62.0
2024-07-24,66.0
2024-07-25,66.0
2024-07-26,66.0
2024-07-29,68.0
2024-07-30,67.0
2024-07-31,66.0
2024-08-01,68.0
2024-08-02,72.0
2024-08-05,75.0
2024-08-06,75.0
2024-08-07,70.0
2024-08-08,71.0
2024-08-09,68.0
2024-08-12,69.0
2024-08-13,68.0
2024-08-14,67.0
2024-08-15,66.0
2024-08-16,67.0
2024-08-19,67.0
2024-08-20,67.0
2024-08-21,66.0
2024-08-22,66.0
2024-08-23,65.0
2024-08-26,65.0
2024-08-27,66.0
2024-08-28,68.0
2024-08-29,66.0
2024-08-30,66.0
2024-09-02,66.0
2024-09-03,65.0
2024-09-04,67.0
2024-09-05,67.0
2024-09-06,65.0
2024-09-09,65.0
2024-09-10,67.0
2024-09-11,65.0
2024-09-12,65.0
2024-09-13,65.0
2024-09-16,63.0
2024-09-17,66.0
2024-09-18,66.0
2024-09-19,67.0
2024-09-20,68.0
2024-09-23,71.0
2024-09-24,72.0
2024-09-25,69.0
2024-09-26,75.0
2024-09-27,73.0
2024-09-30,75.0
2024-10-01,70.0
2024-10-02,73.0
2024-10-03,72.0
2024-10-04,72.0
2024-10-07,70.0
2024-10-08,72.0
2024-10-09,72.0
2024-10-10,70.0
2024-10-11,70.0
2024-10-14,72.0
2024-10-15,70.0
2024-10-16,68.0
2024-10-17,68.0
2024-10-18,67.0
2024-10-21,66.0
2024-10-22,68.0
2024-10-23,67.0
2024-10-24,67.0
2024-10-25,67.0
2024-10-28,69.0
2024-10-29,68.0
2024-10-30,70.0
2024-10-31,68.0
2024-11-01,71.0
2024-11-04,69.0
2024-11-05,70.0
2024-11-06,68.0
2024-11-07,73.0
2024-11-08,73.0
2024-11-11,70.0
2024-11-12,72.0
2024-11-13,73.0
2024-11-14,71.0
2024-11-15,69.0
2024-11-18,69.0
2024-11-19,70.0
2024-11-20,70.0
2024-11-21,74.0
2024-11-22,76.0
2024-11-25,79.0
2024-11-26,77.0
2024-11-27,83.0
2024-11-28,80.0
2024-11-29,79.0
2024-12-02,80.0
2024-12-03,81.0
2024-12-04,82.0
2024-12-05,79.0
2024-12-06,69.0
2024-12-09,71.0
2024-12-10,69.0
2024-12-11,73.0
2024-12-12,72.0
2024-12-13,72.0
2024-12-16,75.0
2024-12-17,76.0
2024-12-18,76.0
2024-12-19,78.0
2024-12-20,77.0
2024-12-23,77.0
2024-12-27,69.0
2024-12-30,78.0
2025-01-02,80.0
2025-01-03,83.0
2025-01-06,79.0
2025-01-07,79.0
2025-01-08,77.0
2025-01-09,82.0
2025-01-10,80.0
2025-01-13,81.0
2025-01-14,79.0
2025-01-15,78.0
2025-01-16,76.0
2025-01-17,75.0
2025-01-20,74.0
2025-01-21,75.0
2025-01-22,72.0
2025-01-23,72.0
2025-01-24,70.0
2025-01-27,72.0
2025-01-28,71.0
2025-01-29,70.0
2025-01-30,72.0
2025-01-31,72.0
2025-02-03,72.0
2025-02-04,68.0
2025-02-05,69.0
2025-02-06,71.0
2025-02-07,68.0
2025-02-10,68.0
2025-02-11,69.0
2025-02-12,68.0
2025-02-13,67.0
2025-02-14,66.0
2025-02-17,65.0
2025-02-18,65.0
2025-02-19,64.0
2025-02-20,64.0
2025-02-21,67.0
2025-02-24,67.0
2025-02-25,66.0
2025-02-26,65.0
2025-02-27,65.0
2025-02-28,66.0
2025-03-03,64.0
2025-03-04,65.0
2025-03-05,60.0
2025-03-06,63.0
2025-03-07,64.0
2025-03-10,64.0
2025-03-11,63.0
2025-03-12,60.0
2025-03-13,62.0
2025-03-14,61.0
2025-03-17,61.0
2025-03-18,59.0
2025-03-19,61.0
2025-03-20,62.0
2025-03-21,62.0
2025-03-24,59.0
2025-03-25,58.0
2025-03-26,60.0
2025-03-27,60.0
2025-03-28,60.0
2025-03-31,63.0
2025-04-01,61.0
2025-04-02,63.0
2025-04-03,63.0
2025-04-04,68.0
2025-04-07,73.0
2025-04-08,67.0
2025-04-09,69.0
2025-04-10,67.0
2025-04-11,73.0
2025-04-14,69.0
2025-04-15,68.0
2025-04-16,68.0
2025-04-17,69.0
2025-04-22,68.0
2025-04-23,68.0
2025-04-24,66.0
2025-04-25,62.0
2025-04-28,64.0
2025-04-29,63.0
2025-04-30,64.0
2025-05-02,64.0
2025-05-05,63.0
2025-05-06,64.0
2025-05-07,63.0
2025-05-08,64.0
2025-05-09,62.0
2025-05-12,61.0
2025-05-13,60.0
2025-05-14,60.0
2025-05-15,61.0
2025-05-16,60.0
2025-05-19,60.0
2025-05-20,60.0
2025-05-21,59.0
2025-05-22,60.0
2025-05-23,61.0
2025-05-26,62.0
2025-05-27,61.0
2025-05-28,61.0
2025-05-29,62.0
2025-05-30,61.0
2025-06-02,61.0
2025-06-03,61.0
2025-06-04,60.0
2025-06-05,63.0
2025-06-06,62.0
2025-06-09,61.0
2025-06-10,62.0
2025-06-11,63.0
2025-06-12,65.0
2025-06-13,65.0
2025-06-16,65.0
2025-06-17,65.0
2025-06-18,65.0
2025-06-19,67.0
2025-06-20,68.0
2025-06-23,67.0
2025-06-24,63.0
2025-06-25,62.0
2025-06-26,63.0
2025-06-27,63.0
2025-06-30,62.0
2025-07-01,62.0
2025-07-02,64.0
2025-07-03,64.0
2025-07-04,65.0
2025-07-07,64.0
2025-07-08,66.0
2025-07-09,66.0
2025-07-10,65.0
2025-07-11,66.0
2025-07-14,68.0
2025-07-15,68.0
2025-07-16,67.0
2025-07-17,68.0
2025-07-18,67.0
2025-07-21,67.0
2025-07-22,66.0
2025-07-23,63.0
2025-07-24,63.0
2025-07-25,64.0
2025-07-28,64.0
2025-07-29,63.0
2025-07-30,63.0
2025-07-31,62.0
2025-08-01,64.0
2025-08-04,64.0
2025-08-05,64.0
2025-08-06,63.0
2025-08-07,65.0
2025-08-08,65.0
2025-08-11,63.0
2025-08-12,64.0
2025-08-13,62.0
2025-08-14,63.0
2025-08-15,64.0
2025-08-18,64.0
2025-08-19,65.0
2025-08-20,66.0
2025-08-21,66.0
2025-08-22,68.0
2025-08-25,68.0
2025-08-26,75.0
2025-08-27,77.0
2025-08-28,75.0
2025-08-29,78.0
2025-09-01,76.0
2025-09-02,78.0
2025-09-03,78.0
2025-09-04,77.0
2025-09-05,74.0
2025-09-08,76.0
2025-09-09,73.0
2025-09-10,74.0
2025-09-11,70.0
2025-09-12,68.0
2025-09-15,71.0
2025-09-16,70.0
2025-09-17,71.0
2025-09-18,72.0
2025-09-19,72.0
2025-09-22,74.0
2025-09-23,73.0
2025-09-24,72.0
2025-09-25,74.0
2025-09-26,75.0
2025-09-29,74.0
2025-09-30,73.0
2025-10-01,75.0
2025-10-02,74.0
2025-10-03,74.0
2025-10-06,78.0
2025-10-07,78.0
2025-10-08,75.0
2025-10-09,73.0
2025-10-10,74.0
2025-10-13,76.0
2025-10-14,76.0
2025-10-15,70.0
2025-10-16,70.0
2025-10-17,69.0
2025-10-20,72.0
2025-10-21,70.0
2025-10-22,71.0
2025-10-23,71.0
2025-10-24,74.0
2025-10-27,72.0
2025-10-28,73.0
2025-10-29,72.0
2025-10-30,71.0
2025-10-31,71.0
2025-11-03,70.0
2025-11-04,71.0
2025-11-05,71.0
2025-11-06,71.0
2025-11-07,71.0
2025-11-10,70.0
2025-11-11,70.0
2025-11-12,67.0
2025-11-13,65.0
2025-11-14,66.0
2025-11-17,66.0
2025-11-18,67.0
2025-11-19,66.0
2025-11-20,68.0
2025-11-21,70.0
2025-11-24,68.0
2025-11-25,68.0
2025-11-26,65.0
2025-11-27,65.0
2025-11-28,64.0
2025-12-01,64.0
2025-12-02,65.0
2025-12-03,66.0
2025-12-04,66.0
2025-12-05,67.0
2025-12-08,63.0
2025-12-09,64.0
2025-12-10,64.0
2025-12-11,64.0
2025-12-12,64.0
2025-12-15,63.0
2025-12-16,62.0
2025-12-17,63.0
2025-12-18,63.0
2025-12-19,62.0
2025-12-22,63.0
2025-12-23,63.0
2025-12-29,62.0
2025-12-30,62.0
2026-01-02,63.0
2026-01-05,64.0
2026-01-06,63.0
2026-01-07,64.0
2026-01-08,63.0
2026-01-09,62.0
2026-01-12,63.0
2026-01-13,64.0
2026-01-14,63.0
2026-01-15,63.0
2026-01-16,65.0
2026-01-19,63.0
2026-01-20,63.0
2026-01-21,62.0
2026-01-22,60.0
2026-01-23,57.0
2026-01-26,55.0
2026-01-27,53.0
2026-01-28,54.0
2026-01-29,53.0
2026-01-30,55.0
2026-02-02,55.0
2026-02-03,54.0
2026-02-04,54.0
2026-02-05,55.0
2026-02-06,57.0
2026-02-09,56.0
2026-02-10,56.0
2026-02-11,56.0
2026-02-12,54.0
2026-02-13,55.0
2026-02-16,55.0
2026-02-17,55.0
2026-02-18,54.0
2026-02-19,54.0
2026-02-20,54.0
2026-02-23,53.0
2026-02-24,53.0
2026-02-25,52.0
2026-02-26,52.0
2026-02-27,54.0
2026-03-02,57.0
2026-03-03,58.0
2026-03-04,62.0
2026-03-05,60.0
2026-03-06,63.0
2026-03-09,55.0
2026-03-10,60.0
2026-03-11,63.0
2026-03-12,63.0
2026-03-13,68.0
2026-03-16,68.0
2026-03-17,63.0
2026-03-18,62.0
2026-03-19,66.0
2026-03-20,66.0
2026-03-23,77.0
2026-03-24,71.0
2026-03-25,69.0
2026-03-26,70.0
2026-03-27,74.0
2026-03-30,69.0
2026-03-31,70.0
2026-04-01,66.0
2026-04-02,68.0
2026-04-07,66.0
2026-04-08,62.0
2026-04-09,62.0
2026-04-10,63.0
2026-04-13,62.0
2026-04-14,63.0
2026-04-15,60.0
2026-04-16,61.0
2026-04-17,61.0
2026-04-20,61.0
2026-04-21,60.0
2026-04-22,62.0
2026-04-23,64.0
2026-04-24,66.0
2026-04-27,63.0
2026-04-28,64.0
2026-04-29,66.0
2026-04-30,65.0
2026-05-04,64.0
2026-05-05,64.0
2026-05-06,61.0
2026-05-07,62.0
2026-05-08,61.0
2026-05-11,61.0
2026-05-12,62.0
2026-05-13,62.0
2026-05-14,61.0
2026-05-15,62.0
2026-05-18,62.0
2026-05-19,61.0
2026-05-20,61.0
2026-05-21,63.0
2026-05-22,61.0
2026-05-25,62.0
2026-05-26,61.0
2026-05-27,59.0
2026-05-28,61.0
2026-05-29,59.0
2026-06-01,61.0
2026-06-02,59.0
2026-06-03,62.0
2026-06-04,63.0
2026-06-05,62.0
2026-06-08,64.0
2026-06-09,64.0
2026-06-10,65.0
2026-06-11,64.0
2026-06-12,62.0
2026-06-15,61.0
2026-06-16,60.0
2026-06-17,61.0
2026-06-18,62.0
2026-06-19,63.0
2026-06-22,64.0
2026-06-23,64.0
2026-06-24,63.0
2026-06-25,64.0
2026-06-26,65.0
2026-06-29,67.0
2026-06-30,66.0
2026-07-01,68.0
2026-07-02,70.0
2026-07-03,67.0
2026-07-06,65.0
2026-07-07,66.0
2026-07-08,71.0
2026-07-09,69.0
2026-07-10,68.0
2026-07-13,67.0
2026-07-14,70.0
2026-07-15,70.0
2026-07-16,69.0
2026-07-17,71.0
2026-07-20,70.0
2026-07-21,70.0
2026-07-22,71.0
2026-07-23,72.0
2026-07-24,73.0
2026-07-27,69.1
2026-07-28,70.1
2026-07-29,70.8
2026-07-30,71.5
2026-07-31,69.0
2026-08-03,69.8
2026-08-04,70.7
2026-08-05,69.2
2026-08-06,71.2
2026-08-07,71.3
2026-08-10,70.7
2026-08-11,73.1
2026-08-12,74.0
2026-08-13,72.9
2026-08-14,73.8
2026-08-17,75.2
2026-08-18,75.8
2026-08-19,76.8
2026-08-20,77.2
2026-08-21,76.6
2026-08-24,78.6
2026-08-25,78.0
2026-08-26,77.0
2026-08-27,84.7
2026-08-28,85.0
2026-08-31,74.4
2026-09-01,87.4
2026-09-02,78.9
2026-09-03,79.4
2026-09-04,78.7
2026-09-07,78.2
2026-09-08,79.3
2026-09-09,79.5
2026-09-10,81.4
2026-09-11,84.8
2026-09-14,89.0
2026-09-15,91.3
2026-09-16,90.6
2026-09-17,90.0
2026-09-18,91.8
2026-09-21,93.1
2026-09-22,97.0
2026-09-23,95.7
2026-09-24,104.9
2026-09-25,100.4
2026-09-28,103.4
2026-09-29,106.2
2026-09-30,111.1
2026-10-01,124.3
2026-10-02,140.9
2026-10-05,137.4
2026-10-06,120.4
2026-10-07,128.4
2026-10-08,132.8
2026-10-09,126.5
